idx,model_name,num_var,num_inputs,num_regulars,variable_mapping,regulations
1,DROSOPHILA-WINGS-AP,10,2,8,"x1: v_Ap, x2: v_Ap2, x3: v_Dl, x4: v_Dl2, x5: v_Fng, x6: v_Fng2, x7: v_N, x8: v_N2, x9: v_Ser, x10: v_Ser2","x3 = ( NOT x1 AND x7 )
x4 = ( NOT x2 AND x8 )
x5 = x1
x6 = x2
x7 = ( ( NOT x5 AND x10 ) OR ( x5 AND x4 ) )
x8 = ( ( ( ( NOT x3 AND x9 ) AND NOT x6 ) OR ( ( x3 AND NOT x9 ) AND x6 ) ) OR ( x3 AND x9 ) )
x9 = x1
x10 = x2"
2,LAMBDA-PHAGE-LYSOGENY,7,0,7,"x1: v_CII, x2: v_CI_b1, x3: v_CI_b2, x4: v_Cro_b1, x5: v_Cro_b2, x6: v_Cro_b3, x7: v_N","x1 = ( ( ( ( ( ( ( NOT x2 AND NOT x4 ) AND x7 ) OR ( ( ( NOT x2 AND x4 ) AND NOT x5 ) AND x7 ) ) OR ( ( ( ( NOT x2 AND x4 ) AND x5 ) AND NOT x6 ) AND x7 ) ) OR ( ( ( x2 AND NOT x3 ) AND NOT x4 ) AND x7 ) ) OR ( ( ( ( x2 AND NOT x3 ) AND x4 ) AND NOT x5 ) AND x7 ) ) OR ( ( ( ( ( x2 AND NOT x3 ) AND x4 ) AND x5 ) AND NOT x6 ) AND x7 ) )
x2 = ( ( ( ( ( NOT x2 AND NOT x4 ) OR ( ( NOT x2 AND x4 ) AND x1 ) ) OR ( ( x2 AND NOT x3 ) AND NOT x4 ) ) OR ( ( ( x2 AND NOT x3 ) AND x4 ) AND x1 ) ) OR ( x2 AND x3 ) )
x3 = ( ( x2 AND NOT x4 ) OR ( ( x2 AND x4 ) AND x1 ) )
x4 = ( ( NOT x2 OR ( x2 AND NOT x3 ) ) OR ( ( ( x2 AND x3 ) AND x4 ) AND x5 ) )
x5 = ( ( ( NOT x2 AND x4 ) OR ( ( x2 AND NOT x3 ) AND x4 ) ) OR ( ( ( ( x2 AND x3 ) AND x4 ) AND x5 ) AND x6 ) )
x6 = ( ( ( ( NOT x2 AND x4 ) AND x5 ) AND NOT x6 ) OR ( ( ( ( x2 AND NOT x3 ) AND x4 ) AND x5 ) AND NOT x6 ) )
x7 = ( ( NOT x2 AND NOT x4 ) OR ( ( NOT x2 AND x4 ) AND NOT x5 ) )"
3,PREDICTING-VARIABILITIES-IN-CARDIAC-GENE,15,2,13,"x1: v_Bmp2, x2: v_Dkk1, x3: v_Fgf8, x4: v_Foxc1_2, x5: v_GATAs, x6: v_Isl1, x7: v_Mesp1_, x8: v_Nkx2_5_, x9: v_Tbx1, x10: v_Tbx5, x11: v_canWnt, x12: v_exogen_BMP2_I, x13: v_exogen_BMP2_II, x14: v_exogen_CanWnt_I, x15: v_exogen_CanWnt_II","x1 = ( x13 AND NOT x11 )
x2 = ( ( x11 AND NOT x13 ) OR x7 )
x3 = ( ( x9 AND NOT x7 ) OR ( x4 AND NOT x7 ) )
x4 = ( x11 AND x15 )
x5 = ( ( x7 OR x8 ) OR x10 )
x6 = ( ( ( x7 OR x9 ) OR ( x11 AND x15 ) ) OR x3 )
x7 = ( x11 AND NOT x13 )
x8 = ( ( ( ( x10 OR ( x5 AND x1 ) ) OR ( x6 AND x5 ) ) OR x9 ) OR ( x7 AND x2 ) )
x9 = x4
x10 = ( ( ( x10 AND NOT ( ( x9 OR ( x2 AND ( NOT x10 AND NOT x7 ) ) ) OR x11 ) ) OR ( x7 AND NOT ( ( x9 OR ( x2 AND ( NOT x10 AND NOT x7 ) ) ) OR x11 ) ) ) OR ( x8 AND NOT ( ( x9 OR ( x2 AND ( NOT x10 AND NOT x7 ) ) ) OR x11 ) ) )
x11 = x15
x13 = x12
x15 = x14"
4,HCC1954-BREAST-CELL-LINE-SHORT-TERM,16,5,11,"x1: v_AKT, x2: v_EGF, x3: v_ERBB1, x4: v_ERBB2, x5: v_ERBB3, x6: v_ERK1_2, x7: v_HRG, x8: v_MEK1_2, x9: v_PDK1, x10: v_PKCa, x11: v_PLCg, x12: v_erlotinib, x13: v_mTOR, x14: v_p70S6K, x15: v_pertuzumab, x16: v_trastuzumab","x1 = ( ( ( ( x14 OR x13 ) OR x5 ) OR x9 ) OR x1 )
x3 = ( ( ( x2 AND NOT ( x15 OR x12 ) ) OR ( x3 AND NOT ( x15 OR x12 ) ) ) OR ( x11 AND NOT ( x15 OR x12 ) ) )
x4 = ( ( ( x3 AND NOT ( ( x12 OR x16 ) OR x15 ) ) OR ( x4 AND NOT ( ( x12 OR x16 ) OR x15 ) ) ) OR ( x9 AND NOT ( ( x12 OR x16 ) OR x15 ) ) )
x5 = ( ( ( x6 AND NOT ( x12 OR x15 ) ) OR ( x5 AND NOT ( x12 OR x15 ) ) ) OR ( x7 AND NOT ( x12 OR x15 ) ) )
x6 = ( x8 OR x6 )
x8 = ( ( ( ( x3 OR x9 ) OR x8 ) OR x4 ) OR x5 )
x9 = ( ( ( x4 OR x9 ) OR x3 ) OR x5 )
x10 = ( ( x11 OR x10 ) OR x16 )
x11 = ( ( ( x3 OR x4 ) OR x11 ) OR x5 )
x13 = ( x1 OR x13 )
x14 = ( ( ( ( x13 OR x12 ) OR x14 ) OR x1 ) OR x6 )"
5,CHICKEN-SEX-DETERMINATION-REDUCED,10,3,7,"x1: v_AROMATASE, x2: v_DMRT1_b1, x3: v_DMRT1_b2, x4: v_FOXL2, x5: v_HEMGN, x6: v_OESTROGEN, x7: v_SOX9, x8: v_W, x9: v_Z1, x10: v_Z2","x1 = ( ( NOT x4 AND x6 ) OR x4 )
x2 = ( ( ( ( ( ( ( ( ( ( ( ( ( ( ( ( ( ( ( ( ( NOT x9 AND NOT x2 ) AND NOT x5 ) AND x7 ) AND NOT x4 ) OR ( ( ( NOT x9 AND NOT x2 ) AND x5 ) AND NOT x4 ) ) OR ( ( ( ( ( NOT x9 AND x2 ) AND NOT x3 ) AND NOT x5 ) AND x7 ) AND NOT x4 ) ) OR ( ( ( ( NOT x9 AND x2 ) AND NOT x3 ) AND x5 ) AND NOT x4 ) ) OR ( ( NOT x9 AND x2 ) AND x3 ) ) OR ( ( ( ( ( x9 AND NOT x10 ) AND NOT x2 ) AND NOT x5 ) AND x7 ) AND NOT x4 ) ) OR ( ( ( ( x9 AND NOT x10 ) AND NOT x2 ) AND x5 ) AND NOT x4 ) ) OR ( ( ( ( ( ( x9 AND NOT x10 ) AND x2 ) AND NOT x3 ) AND NOT x5 ) AND x7 ) AND NOT x4 ) ) OR ( ( ( ( ( x9 AND NOT x10 ) AND x2 ) AND NOT x3 ) AND x5 ) AND NOT x4 ) ) OR ( ( ( x9 AND NOT x10 ) AND x2 ) AND x3 ) ) OR ( ( ( ( x9 AND x10 ) AND NOT x8 ) AND NOT x2 ) AND NOT x4 ) ) OR ( ( ( ( ( x9 AND x10 ) AND NOT x8 ) AND x2 ) AND NOT x3 ) AND NOT x4 ) ) OR ( ( ( ( x9 AND x10 ) AND NOT x8 ) AND x2 ) AND x3 ) ) OR ( ( ( ( ( ( x9 AND x10 ) AND x8 ) AND NOT x2 ) AND NOT x5 ) AND x7 ) AND NOT x4 ) ) OR ( ( ( ( ( x9 AND x10 ) AND x8 ) AND NOT x2 ) AND x5 ) AND NOT x4 ) ) OR ( ( ( ( ( ( ( x9 AND x10 ) AND x8 ) AND x2 ) AND NOT x3 ) AND NOT x5 ) AND x7 ) AND NOT x4 ) ) OR ( ( ( ( ( ( x9 AND x10 ) AND x8 ) AND x2 ) AND NOT x3 ) AND x5 ) AND NOT x4 ) ) OR ( ( ( ( x9 AND x10 ) AND x8 ) AND x2 ) AND x3 ) )
x3 = ( ( ( ( x2 AND NOT x5 ) AND x7 ) AND NOT x4 ) OR ( ( x2 AND x5 ) AND NOT x4 ) )
x4 = ( ( ( ( NOT x2 AND NOT x7 ) OR ( ( NOT x2 AND x7 ) AND x6 ) ) OR ( ( x2 AND NOT x3 ) AND NOT x7 ) ) OR ( ( ( x2 AND NOT x3 ) AND x7 ) AND x6 ) )
x5 = ( x2 AND NOT x7 )
x6 = x1
x7 = ( ( ( ( NOT x2 AND x7 ) AND NOT x4 ) OR ( ( ( x2 AND NOT x3 ) AND x7 ) AND NOT x4 ) ) OR ( ( x2 AND x3 ) AND NOT x4 ) )"
6,MAMMALIAN-CELL-CYCLE-2006,10,1,9,"x1: v_Cdc20, x2: v_Cdh1, x3: v_CycA, x4: v_CycB, x5: v_CycD, x6: v_CycE, x7: v_E2F, x8: v_Rb, x9: v_UbcH10, x10: v_p27","x1 = x4
x2 = ( ( x1 OR ( x10 AND NOT x4 ) ) OR NOT ( ( ( x10 OR x4 ) OR x3 ) OR x1 ) )
x3 = ( ( x3 AND NOT ( ( ( x2 AND x9 ) OR x1 ) OR x8 ) ) OR ( x7 AND NOT ( ( ( x2 AND x9 ) OR x1 ) OR x8 ) ) )
x4 = NOT ( x1 OR x2 )
x6 = ( x7 AND NOT x8 )
x7 = ( ( x10 AND NOT ( x4 OR x8 ) ) OR NOT ( ( ( x10 OR x8 ) OR x4 ) OR x3 ) )
x8 = ( ( x10 AND NOT ( x5 OR x4 ) ) OR NOT ( ( ( ( x6 OR x10 ) OR x4 ) OR x5 ) OR x3 ) )
x9 = ( ( ( ( ( x9 AND ( ( x2 AND ( ( x4 OR x1 ) OR x3 ) ) OR NOT x2 ) ) OR ( x3 AND NOT x2 ) ) OR ( x1 AND NOT x2 ) ) OR ( x4 AND NOT x2 ) ) OR NOT ( ( ( ( x9 OR x2 ) OR x4 ) OR x1 ) OR x3 ) )
x10 = ( ( x10 AND NOT ( ( x5 OR ( x3 AND x6 ) ) OR x4 ) ) OR NOT ( ( ( ( x6 OR x10 ) OR x4 ) OR x5 ) OR x3 ) )"
7,MAMMAL-SEX-DETERMINATION-1-CELL,19,6,13,"x1: v_AF, x2: v_AS, x3: v_Dmrt1, x4: v_Fgf9_b1, x5: v_Fgf9_b2, x6: v_Foxl2, x7: v_Gata4, x8: v_IW, x9: v_Sf1_b1, x10: v_Sf1_b2, x11: v_Sox9_b1, x12: v_Sox9_b2, x13: v_Sry, x14: v_Wnt4_b1, x15: v_Wnt4_b2, x16: v_Wt1, x17: v_Y, x18: v_b_cat_b1, x19: v_b_cat_b2","x3 = ( ( ( ( ( NOT x7 AND x9 ) AND x11 ) AND x12 ) AND NOT x6 ) OR ( x7 AND NOT x6 ) )
x4 = ( ( ( NOT x11 AND x4 ) OR ( ( x11 AND NOT x12 ) AND x4 ) ) OR ( x11 AND x12 ) )
x5 = ( ( x11 AND x12 ) AND x4 )
x6 = ( x1 AND NOT x3 )
x9 = ( ( ( NOT x16 AND x9 ) AND x10 ) OR x16 )
x10 = ( ( ( x16 AND x9 ) AND x11 ) AND x12 )
x11 = ( ( ( ( ( ( ( NOT x9 AND x11 ) AND x12 ) OR ( ( ( x9 AND NOT x11 ) AND NOT x18 ) AND NOT x6 ) ) OR ( ( ( ( x9 AND NOT x11 ) AND x18 ) AND NOT x19 ) AND NOT x6 ) ) OR ( ( ( ( x9 AND x11 ) AND NOT x12 ) AND NOT x18 ) AND NOT x6 ) ) OR ( ( ( ( ( x9 AND x11 ) AND NOT x12 ) AND x18 ) AND NOT x19 ) AND NOT x6 ) ) OR ( ( x9 AND x11 ) AND x12 ) )
x12 = ( ( ( ( ( ( NOT x13 AND x9 ) AND x11 ) AND NOT x18 ) AND NOT x6 ) OR ( ( ( ( x13 AND x9 ) AND x11 ) AND NOT x18 ) AND NOT x6 ) ) OR ( ( ( ( ( x13 AND x9 ) AND x11 ) AND x18 ) AND NOT x19 ) AND NOT x6 ) )
x13 = ( ( ( ( ( ( x17 AND x16 ) AND x2 ) AND x7 ) AND x9 ) AND NOT x11 ) OR ( ( ( ( ( ( x17 AND x16 ) AND x2 ) AND x7 ) AND x9 ) AND x11 ) AND NOT x12 ) )
x14 = ( ( NOT x8 AND x14 ) OR ( ( x8 AND x14 ) AND x15 ) )
x15 = ( ( NOT x8 AND NOT x4 ) AND x14 )
x18 = ( ( ( ( ( ( ( NOT x11 AND NOT x14 ) AND x18 ) AND x19 ) OR ( NOT x11 AND x14 ) ) OR ( ( ( ( x11 AND NOT x12 ) AND NOT x14 ) AND x18 ) AND x19 ) ) OR ( ( x11 AND NOT x12 ) AND x14 ) ) OR ( ( ( x11 AND x12 ) AND x18 ) AND x19 ) )
x19 = ( ( ( ( NOT x11 AND x14 ) AND x15 ) AND x18 ) OR ( ( ( ( x11 AND NOT x12 ) AND x14 ) AND x15 ) AND x18 ) )"
8,ESCHERICHIA-COLI-TRYPTOPHAN,16,3,13,"x1: v_A, x2: v_B, x3: v_C, x4: v_E, x5: v_E_m, x6: v_L, x7: v_M_1, x8: v_M_2, x9: v_P, x10: v_R, x11: v_T, x12: v_W, x13: v_W_m, x14: v_gamma, x15: v_omega_e, x16: v_omega_em","x1 = ( x8 AND NOT x14 )
x2 = x8
x3 = NOT x14
x4 = ( x7 AND NOT x6 )
x5 = ( x7 OR x4 )
x6 = ( x7 AND x11 )
x7 = NOT x10
x8 = ( x3 AND NOT x9 )
x9 = ( NOT x12 AND NOT x13 )
x10 = x12
x11 = x13
x12 = ( ( x7 AND ( NOT x6 AND NOT x1 ) ) OR ( x15 AND x2 ) )
x13 = ( x7 OR ( x12 OR ( x15 OR ( x16 AND x2 ) ) ) )"
9,SKBR3-BREAST-CELL-LINE-SHORT-TERM,16,5,11,"x1: v_AKT, x2: v_EGF, x3: v_ERBB1, x4: v_ERBB2, x5: v_ERBB3, x6: v_ERK1_2, x7: v_HRG, x8: v_MEK1_2, x9: v_PDK1, x10: v_PKCa, x11: v_PLCg, x12: v_erlotinib, x13: v_mTOR, x14: v_p70S6K, x15: v_pertuzumab, x16: v_trastuzumab","x1 = ( ( ( x13 OR x9 ) OR x1 ) OR x5 )
x3 = ( ( ( x3 AND NOT ( x15 OR x12 ) ) OR ( x2 AND NOT ( x15 OR x12 ) ) ) OR ( x11 AND NOT ( x15 OR x12 ) ) )
x4 = ( x4 AND NOT ( ( x16 OR x15 ) OR x12 ) )
x5 = ( ( x5 AND NOT ( x12 OR x15 ) ) OR ( x7 AND NOT ( x12 OR x15 ) ) )
x6 = ( ( ( x9 OR x5 ) OR x8 ) OR x6 )
x8 = ( ( ( x4 OR x5 ) OR x3 ) OR x8 )
x9 = ( ( ( x4 OR x3 ) OR x9 ) OR x5 )
x10 = ( x11 OR x10 )
x11 = ( ( ( x4 OR x5 ) OR x3 ) OR x11 )
x13 = ( x13 OR x1 )
x14 = ( ( ( x14 OR x1 ) OR x13 ) OR x6 )"
10,MAPK-REDUCED-2,18,4,14,"x1: v_AKT, x2: v_Apoptosis, x3: v_DNA_damage, x4: v_EGFR, x5: v_EGFR_stimulus, x6: v_ERK, x7: v_FGFR3, x8: v_FGFR3_stimulus, x9: v_GRB2, x10: v_Growth_Arrest, x11: v_PI3K, x12: v_Proliferation, x13: v_RAF, x14: v_RAS, x15: v_TGFBR_stimulus, x16: v_p21, x17: v_p38, x18: v_p53","x1 = ( NOT x18 AND x11 )
x2 = ( ( ( ( ( ( ( ( NOT x15 AND NOT x3 ) AND NOT x6 ) AND NOT x17 ) AND x18 ) AND NOT x1 ) OR ( ( ( ( ( ( NOT x15 AND NOT x3 ) AND NOT x6 ) AND x17 ) AND x18 ) AND NOT x1 ) AND x14 ) ) OR ( ( ( ( NOT x15 AND x3 ) AND NOT x6 ) AND x18 ) AND NOT x1 ) ) OR ( ( ( x15 AND NOT x6 ) AND x18 ) AND NOT x1 ) )
x4 = ( ( ( ( ( NOT x5 AND x6 ) AND NOT x4 ) AND NOT x7 ) AND NOT x9 ) OR ( ( ( x5 AND NOT x4 ) AND NOT x7 ) AND NOT x9 ) )
x6 = ( ( ( ( ( ( ( ( ( ( NOT x15 AND NOT x3 ) AND NOT x6 ) AND NOT x17 ) AND NOT x18 ) AND x13 ) AND NOT x14 ) OR ( ( ( ( ( ( NOT x15 AND NOT x3 ) AND x6 ) AND NOT x17 ) AND NOT x18 ) AND NOT x13 ) AND x14 ) ) OR ( ( ( ( ( NOT x15 AND NOT x3 ) AND x6 ) AND NOT x17 ) AND NOT x18 ) AND x13 ) ) OR ( ( ( ( ( ( NOT x15 AND NOT x3 ) AND x6 ) AND NOT x17 ) AND x18 ) AND x13 ) AND NOT x14 ) ) OR ( ( ( ( ( ( NOT x15 AND x3 ) AND x6 ) AND NOT x17 ) AND NOT x18 ) AND x13 ) AND NOT x14 ) )
x7 = ( ( ( x8 AND NOT x4 ) AND NOT x7 ) AND NOT x9 )
x9 = ( ( ( ( ( ( ( NOT x15 AND NOT x6 ) AND NOT x4 ) AND x7 ) AND NOT x9 ) OR ( ( NOT x15 AND NOT x6 ) AND x4 ) ) OR ( ( NOT x15 AND x6 ) AND x4 ) ) OR x15 )
x10 = x16
x11 = ( ( NOT x9 AND x11 ) OR x9 )
x12 = ( ( ( ( ( x6 AND NOT x17 ) AND NOT x16 ) AND x1 ) AND x11 ) OR ( ( ( x6 AND x17 ) AND NOT x16 ) AND x11 ) )
x13 = ( ( ( ( ( ( NOT x6 AND NOT x4 ) AND NOT x7 ) AND NOT x1 ) AND x14 ) OR ( ( ( NOT x6 AND NOT x4 ) AND x7 ) AND NOT x1 ) ) OR ( ( NOT x6 AND x4 ) AND NOT x1 ) )
x14 = ( ( ( ( ( ( ( NOT x6 AND NOT x4 ) AND NOT x7 ) AND x9 ) OR ( ( NOT x6 AND NOT x4 ) AND x7 ) ) OR ( NOT x6 AND x4 ) ) OR ( ( x6 AND NOT x4 ) AND x7 ) ) OR ( x6 AND x4 ) )
x16 = ( x18 AND NOT x1 )
x17 = ( ( ( ( ( ( ( ( ( ( ( ( ( ( NOT x15 AND NOT x3 ) AND NOT x6 ) AND NOT x17 ) AND NOT x18 ) AND x14 ) OR ( ( ( ( NOT x15 AND NOT x3 ) AND NOT x6 ) AND NOT x17 ) AND x18 ) ) OR ( ( ( ( ( NOT x15 AND NOT x3 ) AND NOT x6 ) AND x17 ) AND x18 ) AND x14 ) ) OR ( ( ( ( NOT x15 AND NOT x3 ) AND x6 ) AND x18 ) AND x14 ) ) OR ( ( ( NOT x15 AND x3 ) AND NOT x6 ) AND NOT x17 ) ) OR ( ( ( ( ( NOT x15 AND x3 ) AND NOT x6 ) AND x17 ) AND NOT x18 ) AND x14 ) ) OR ( ( ( ( NOT x15 AND x3 ) AND NOT x6 ) AND x17 ) AND x18 ) ) OR ( ( ( ( NOT x15 AND x3 ) AND x6 ) AND NOT x18 ) AND x14 ) ) OR ( ( ( NOT x15 AND x3 ) AND x6 ) AND x18 ) ) OR x15 )
x18 = ( ( ( ( ( ( NOT x3 AND x17 ) OR ( ( ( ( x3 AND NOT x6 ) AND NOT x17 ) AND NOT x18 ) AND NOT x1 ) ) OR ( ( x3 AND NOT x6 ) AND x17 ) ) OR ( ( ( x3 AND x6 ) AND NOT x17 ) AND NOT x18 ) ) OR ( ( ( ( x3 AND x6 ) AND NOT x17 ) AND x18 ) AND x1 ) ) OR ( ( x3 AND x6 ) AND x17 ) )"
11,ASYMMETRIC-CELL-DIVISION-B,9,0,9,"x1: v_CckA, x2: v_ChpT, x3: v_ClpXP_RcdA, x4: v_CpdR, x5: v_CtrAb, x6: v_DivJ, x7: v_DivK, x8: v_DivL, x9: v_PleC","x1 = x8
x2 = x1
x3 = NOT x4
x4 = x2
x5 = ( x2 AND NOT x3 )
x6 = ( x7 AND NOT x9 )
x7 = ( NOT x9 AND x6 )
x8 = NOT x7
x9 = NOT x7"
12,T-LGL-SURVIVAL-NETWORK-2011-REDUCED,18,0,18,"x1: v_Apoptosis_, x2: v_BID_, x3: v_CREB, x4: v_CTLA4_, x5: v_Caspase, x6: v_Ceramide_, x7: v_DISC_, x8: v_FLIP_, x9: v_Fas, x10: v_GPCR_, x11: v_IAP_, x12: v_IFNG_, x13: v_MCL1, x14: v_P2, x15: v_S1P, x16: v_SMAD_, x17: v_TCR, x18: v_sFas","x1 = ( x5 OR x1 )
x2 = NOT ( x13 OR x1 )
x3 = ( x12 AND NOT x1 )
x4 = ( x17 AND NOT x1 )
x5 = ( ( x2 AND NOT ( x11 OR x1 ) ) OR ( x7 AND NOT x1 ) )
x6 = ( x9 AND NOT ( x1 OR x15 ) )
x7 = ( ( x9 AND NOT ( x8 OR x1 ) ) OR ( x6 AND NOT x1 ) )
x8 = NOT ( x1 OR x7 )
x9 = NOT ( x1 OR x18 )
x10 = ( x15 AND NOT x1 )
x11 = NOT ( x2 OR x1 )
x12 = NOT ( ( x14 OR x1 ) OR x16 )
x13 = NOT ( x1 OR x7 )
x14 = ( ( x12 AND NOT x1 ) OR ( x14 AND NOT x1 ) )
x15 = NOT ( x1 OR x6 )
x16 = ( x10 AND NOT x1 )
x17 = NOT ( x1 OR x4 )
x18 = ( x15 AND NOT x1 )"
13,YEAST-HYPHAL-TRANSITION,19,3,16,"x1: v_Brg1, x2: v_Cyr1, x3: v_EFG1_T, x4: v_ESCRT, x5: v_Efg1, x6: v_Efg1_active, x7: v_Farnesol, x8: v_HAG_T, x9: v_HATs, x10: v_HDACs, x11: v_NRG1_T, x12: v_Nrg1_HAGs, x13: v_Rim8, x14: v_Temperature, x15: v_Ume6, x16: v_cAMP_PKA, x17: v_hyphal_initiation, x18: v_hyphal_maintenance, x19: v_pH","x1 = NOT x12
x2 = ( NOT x7 AND x14 )
x3 = ( NOT x6 OR ( x6 AND x1 ) )
x4 = x13
x5 = x3
x6 = ( ( ( NOT x4 AND x16 ) AND x5 ) OR ( x4 AND x5 ) )
x8 = ( ( ( NOT x12 AND NOT x1 ) AND x15 ) OR ( NOT x12 AND x1 ) )
x9 = ( x6 AND NOT x10 )
x10 = x1
x11 = ( ( ( ( ( ( ( ( ( ( ( ( ( NOT x4 AND NOT x16 ) AND NOT x1 ) AND NOT x15 ) OR ( ( ( ( NOT x4 AND NOT x16 ) AND NOT x1 ) AND x15 ) AND x17 ) ) OR ( ( ( NOT x4 AND NOT x16 ) AND x1 ) AND x17 ) ) OR ( ( ( ( NOT x4 AND x16 ) AND NOT x6 ) AND NOT x1 ) AND NOT x15 ) ) OR ( ( ( ( ( NOT x4 AND x16 ) AND NOT x6 ) AND NOT x1 ) AND x15 ) AND x17 ) ) OR ( ( ( ( NOT x4 AND x16 ) AND NOT x6 ) AND x1 ) AND x17 ) ) OR ( ( ( NOT x4 AND x16 ) AND x6 ) AND x17 ) ) OR ( ( ( x4 AND NOT x6 ) AND NOT x1 ) AND NOT x15 ) ) OR ( ( ( ( x4 AND NOT x6 ) AND NOT x1 ) AND x15 ) AND x17 ) ) OR ( ( ( x4 AND NOT x6 ) AND x1 ) AND x17 ) ) OR ( ( x4 AND x6 ) AND x17 ) )
x12 = ( ( x11 AND NOT x10 ) OR ( ( x11 AND x10 ) AND x9 ) )
x13 = x19
x15 = ( NOT x12 AND x1 )
x16 = x2
x17 = ( ( ( ( ( NOT x12 AND NOT x1 ) AND x17 ) OR ( ( ( NOT x12 AND x1 ) AND NOT x9 ) AND x17 ) ) OR ( ( NOT x12 AND x1 ) AND x9 ) ) OR ( x12 AND x17 ) )
x18 = ( ( NOT x12 AND x15 ) AND x17 )"
14,DROSOPHILA-GAP-C,7,2,5,"x1: v_Gt, x2: v_Hb_b1, x3: v_Hb_b2, x4: v_Hb_b3, x5: v_Kni, x6: v_Kr_b1, x7: v_Kr_b2","x1 = NOT x6
x3 = ( ( x2 AND x3 ) AND x4 )
x5 = ( ( NOT x1 AND NOT x2 ) OR ( ( NOT x1 AND x2 ) AND NOT x3 ) )
x6 = ( ( ( ( ( ( ( ( ( ( ( ( ( ( NOT x1 AND NOT x2 ) AND x6 ) AND x7 ) OR ( ( NOT x1 AND x2 ) AND NOT x3 ) ) OR ( ( ( NOT x1 AND x2 ) AND x3 ) AND NOT x4 ) ) OR ( ( ( ( ( NOT x1 AND x2 ) AND x3 ) AND x4 ) AND x6 ) AND x7 ) ) OR ( ( ( x1 AND NOT x2 ) AND x6 ) AND x7 ) ) OR ( ( ( ( x1 AND x2 ) AND NOT x3 ) AND NOT x6 ) AND NOT x5 ) ) OR ( ( ( ( ( x1 AND x2 ) AND NOT x3 ) AND x6 ) AND NOT x7 ) AND NOT x5 ) ) OR ( ( ( ( x1 AND x2 ) AND NOT x3 ) AND x6 ) AND x7 ) ) OR ( ( ( ( ( x1 AND x2 ) AND x3 ) AND NOT x4 ) AND NOT x6 ) AND NOT x5 ) ) OR ( ( ( ( ( ( x1 AND x2 ) AND x3 ) AND NOT x4 ) AND x6 ) AND NOT x7 ) AND NOT x5 ) ) OR ( ( ( ( ( x1 AND x2 ) AND x3 ) AND NOT x4 ) AND x6 ) AND x7 ) ) OR ( ( ( ( ( x1 AND x2 ) AND x3 ) AND x4 ) AND x6 ) AND x7 ) )
x7 = ( ( ( ( ( NOT x1 AND x2 ) AND NOT x3 ) AND x6 ) AND NOT x5 ) OR ( ( ( ( ( NOT x1 AND x2 ) AND x3 ) AND NOT x4 ) AND x6 ) AND NOT x5 ) )"
15,CONTROL-OF-PROLIFERATION,18,1,17,"x1: v_AKT, x2: v_E2F, x3: v_EIF4F, x4: v_FOXO3, x5: v_GFs, x6: v_MAPK, x7: v_PI3K, x8: v_PIP3, x9: v_PRAS40, x10: v_Proliferation_b1, x11: v_Proliferation_b2, x12: v_RAS, x13: v_RTK, x14: v_Rb, x15: v_S6K, x16: v_TSC, x17: v_cycE, x18: v_mTORC1","x1 = x8
x2 = NOT x14
x3 = x18
x4 = ( NOT x6 OR ( x6 AND NOT x1 ) )
x6 = ( ( NOT x12 AND x8 ) OR x12 )
x7 = ( ( NOT x13 AND x12 ) OR x13 )
x8 = x7
x9 = NOT x1
x10 = ( ( ( ( ( ( NOT x2 AND NOT x3 ) AND x10 ) AND x11 ) OR ( ( ( ( NOT x2 AND x3 ) AND NOT x15 ) AND x10 ) AND x11 ) ) OR ( ( NOT x2 AND x3 ) AND x15 ) ) OR x2 )
x11 = ( ( ( x2 AND x3 ) AND x15 ) AND x10 )
x12 = x13
x13 = ( ( ( ( ( NOT x6 AND NOT x4 ) AND NOT x15 ) AND x5 ) OR ( ( NOT x6 AND x4 ) AND x5 ) ) OR ( ( x6 AND x4 ) AND x5 ) )
x14 = NOT x17
x15 = x18
x16 = ( NOT x6 AND NOT x1 )
x17 = ( ( ( ( NOT x4 AND NOT x1 ) AND x2 ) OR ( NOT x4 AND x1 ) ) OR ( x4 AND x2 ) )
x18 = ( NOT x16 AND NOT x9 )"
16,MAMMALIAN-CELL-CYCLE,20,1,19,"x1: v_Akt1, x2: v_CDK2, x3: v_CDK4, x4: v_CDK6, x5: v_CycD1, x6: v_CycE1, x7: v_EGF, x8: v_ERa, x9: v_ErbB1, x10: v_ErbB1_2, x11: v_ErbB1_3, x12: v_ErbB2, x13: v_ErbB2_3, x14: v_ErbB3, x15: v_IGF1R, x16: v_MEK1, x17: v_cMYC, x18: v_p21, x19: v_p27, x20: v_pRB","x1 = ( ( ( ( x13 OR x15 ) OR x10 ) OR x11 ) OR x9 )
x2 = ( x6 AND NOT ( x18 OR x19 ) )
x3 = ( x5 AND NOT ( x18 OR x19 ) )
x4 = x5
x5 = ( ( x1 AND ( x17 AND x8 ) ) OR ( x16 AND ( x8 AND x17 ) ) )
x6 = x17
x8 = ( x1 OR x16 )
x9 = x7
x10 = ( x9 AND x12 )
x11 = ( x9 AND x14 )
x12 = x7
x13 = ( x12 AND x14 )
x14 = x7
x15 = ( ( x8 AND NOT x13 ) OR ( x1 AND NOT x13 ) )
x16 = ( ( ( ( x13 OR x10 ) OR x15 ) OR x11 ) OR x9 )
x17 = ( ( x16 OR x1 ) OR x8 )
x18 = ( x8 AND NOT ( ( x3 OR x1 ) OR x17 ) )
x19 = ( x8 AND NOT ( ( ( x17 OR x3 ) OR x1 ) OR x2 ) )
x20 = ( ( x3 AND x4 ) OR ( x2 AND ( x4 AND x3 ) ) )"
17,CARDIAC-DEVELOPMENT,15,2,13,"x1: v_Bmp2, x2: v_Dkk1, x3: v_Fgf8, x4: v_Foxc1_2, x5: v_GATAs, x6: v_Isl1, x7: v_Mesp1, x8: v_Nkx2_5, x9: v_Tbx1, x10: v_Tbx5, x11: v_canWnt, x12: v_exogen_BMP2_I, x13: v_exogen_BMP2_II, x14: v_exogen_CanWnt_I, x15: v_exogen_canWnt_II","x1 = ( x13 AND NOT x11 )
x2 = ( x7 OR ( x11 AND NOT x13 ) )
x3 = ( ( x9 AND NOT x7 ) OR ( x4 AND NOT x7 ) )
x4 = ( x11 AND x15 )
x5 = ( ( x8 OR x10 ) OR x7 )
x6 = ( ( ( x7 OR x9 ) OR x3 ) OR ( x11 AND x15 ) )
x7 = ( x11 AND NOT x13 )
x8 = ( ( ( ( x10 OR x9 ) OR ( x7 AND x2 ) ) OR ( x1 AND x5 ) ) OR ( x6 AND x5 ) )
x9 = x4
x10 = ( ( ( x10 AND NOT ( ( x11 OR ( x2 AND ( NOT x10 AND NOT x7 ) ) ) OR x9 ) ) OR ( x8 AND NOT ( ( x11 OR ( x2 AND ( NOT x10 AND NOT x7 ) ) ) OR x9 ) ) ) OR ( x7 AND NOT ( ( x11 OR ( x2 AND ( NOT x10 AND NOT x7 ) ) ) OR x9 ) ) )
x11 = x15
x13 = x12
x15 = x14"
18,METABOLIC-INTERACTIONS-IN-GUT-MICROBIOME,12,4,8,"x1: v_Akkermansia_, x2: v_Barnesiella, x3: v_Blautia, x4: v_Clindamycin_, x5: v_Clostridium_difficile, x6: v_Coprobacillus, x7: v_Enterobacteriaceae, x8: v_Enterococcus, x9: v_Lachnospiraceae, x10: v_Lachnospiraceae_other_, x11: v_Mollicutes, x12: v_Other","x1 = x6
x2 = ( ( ( x10 AND NOT x4 ) OR ( x12 AND NOT x4 ) ) OR ( x9 AND NOT x4 ) )
x3 = ( ( ( ( x6 AND NOT x3 ) OR x8 ) OR ( x3 AND NOT x6 ) ) OR x3 )
x5 = ( x5 AND NOT x2 )
x8 = ( ( ( ( x7 OR x11 ) OR x3 ) OR x5 ) OR NOT ( ( ( ( x7 OR x5 ) OR x6 ) OR x3 ) OR x11 ) )
x9 = ( ( ( x9 AND NOT x4 ) OR ( x10 AND NOT x4 ) ) OR ( x12 AND NOT x4 ) )
x10 = ( ( ( x9 AND NOT x4 ) OR ( x12 AND NOT x4 ) ) OR ( x10 AND NOT x4 ) )
x12 = ( ( ( x12 AND NOT x4 ) OR ( x10 AND NOT x4 ) ) OR ( x9 AND NOT x4 ) )"
19,MORPHOGENETIC-CHECKPOINT,12,1,11,"x1: v_BUD, x2: v_Clb2_b1, x3: v_Clb2_b2, x4: v_Hsl1, x5: v_MASS_b1, x6: v_MASS_b2, x7: v_Mih1_b1, x8: v_Mih1_b2, x9: v_Mpk1, x10: v_SBF, x11: v_Swe1_b1, x12: v_Swe1_b2","x1 = x5
x2 = ( ( ( NOT x2 AND x5 ) OR ( ( x2 AND NOT x3 ) AND x5 ) ) OR ( x2 AND x3 ) )
x3 = ( ( ( ( ( ( ( NOT x11 AND x2 ) AND x5 ) OR ( ( ( ( ( x11 AND NOT x12 ) AND NOT x7 ) AND x2 ) AND x5 ) AND x6 ) ) OR ( ( ( ( ( ( x11 AND NOT x12 ) AND x7 ) AND NOT x8 ) AND x2 ) AND x5 ) AND x6 ) ) OR ( ( ( ( ( x11 AND NOT x12 ) AND x7 ) AND x8 ) AND x2 ) AND x5 ) ) OR ( ( ( ( ( ( x11 AND x12 ) AND x7 ) AND NOT x8 ) AND x2 ) AND x5 ) AND x6 ) ) OR ( ( ( ( ( x11 AND x12 ) AND x7 ) AND x8 ) AND x2 ) AND x5 ) )
x4 = x1
x6 = ( x5 AND x6 )
x7 = ( ( ( ( ( ( NOT x7 AND NOT x2 ) AND NOT x9 ) OR ( NOT x7 AND x2 ) ) OR ( ( ( x7 AND NOT x8 ) AND NOT x2 ) AND NOT x9 ) ) OR ( ( x7 AND NOT x8 ) AND x2 ) ) OR ( x7 AND x8 ) )
x8 = ( ( x7 AND x2 ) AND NOT x9 )
x9 = NOT x1
x10 = ( ( NOT x2 AND x5 ) OR ( ( x2 AND NOT x3 ) AND x5 ) )
x11 = ( ( ( ( ( ( ( ( ( NOT x10 AND x11 ) AND x12 ) OR ( ( x10 AND NOT x11 ) AND NOT x2 ) ) OR ( ( ( x10 AND NOT x11 ) AND x2 ) AND NOT x3 ) ) OR ( ( ( ( x10 AND NOT x11 ) AND x2 ) AND x3 ) AND NOT x4 ) ) OR ( ( ( x10 AND x11 ) AND NOT x12 ) AND NOT x2 ) ) OR ( ( ( ( x10 AND x11 ) AND NOT x12 ) AND x2 ) AND NOT x3 ) ) OR ( ( ( ( ( x10 AND x11 ) AND NOT x12 ) AND x2 ) AND x3 ) AND NOT x4 ) ) OR ( ( x10 AND x11 ) AND x12 ) )
x12 = ( ( ( ( x10 AND x11 ) AND NOT x2 ) AND NOT x4 ) OR ( ( ( ( x10 AND x11 ) AND x2 ) AND NOT x3 ) AND NOT x4 ) )"
20,CHICKEN-SEX-DETERMINATION,15,3,12,"x1: v_AMH, x2: v_AROMA, x3: v_B_CATENIN, x4: v_DMRT1_b1, x5: v_DMRT1_b2, x6: v_ESTRO, x7: v_FGF9, x8: v_FOXL2, x9: v_HEMGN, x10: v_SF1, x11: v_SOX9, x12: v_W, x13: v_WNT4, x14: v_Z1, x15: v_Z2","x1 = ( ( ( NOT x11 AND NOT x6 ) AND x10 ) OR ( x11 AND NOT x6 ) )
x2 = ( ( NOT x8 AND x10 ) OR x8 )
x3 = ( NOT x11 AND x13 )
x4 = ( ( ( ( ( ( ( ( ( ( ( ( ( ( ( ( ( ( ( ( ( NOT x14 AND NOT x4 ) AND NOT x9 ) AND x11 ) AND NOT x8 ) OR ( ( ( NOT x14 AND NOT x4 ) AND x9 ) AND NOT x8 ) ) OR ( ( ( ( ( NOT x14 AND x4 ) AND NOT x5 ) AND NOT x9 ) AND x11 ) AND NOT x8 ) ) OR ( ( ( ( NOT x14 AND x4 ) AND NOT x5 ) AND x9 ) AND NOT x8 ) ) OR ( ( NOT x14 AND x4 ) AND x5 ) ) OR ( ( ( ( ( x14 AND NOT x15 ) AND NOT x4 ) AND NOT x9 ) AND x11 ) AND NOT x8 ) ) OR ( ( ( ( x14 AND NOT x15 ) AND NOT x4 ) AND x9 ) AND NOT x8 ) ) OR ( ( ( ( ( ( x14 AND NOT x15 ) AND x4 ) AND NOT x5 ) AND NOT x9 ) AND x11 ) AND NOT x8 ) ) OR ( ( ( ( ( x14 AND NOT x15 ) AND x4 ) AND NOT x5 ) AND x9 ) AND NOT x8 ) ) OR ( ( ( x14 AND NOT x15 ) AND x4 ) AND x5 ) ) OR ( ( ( ( x14 AND x15 ) AND NOT x12 ) AND NOT x4 ) AND NOT x8 ) ) OR ( ( ( ( ( x14 AND x15 ) AND NOT x12 ) AND x4 ) AND NOT x5 ) AND NOT x8 ) ) OR ( ( ( ( x14 AND x15 ) AND NOT x12 ) AND x4 ) AND x5 ) ) OR ( ( ( ( ( ( x14 AND x15 ) AND x12 ) AND NOT x4 ) AND NOT x9 ) AND x11 ) AND NOT x8 ) ) OR ( ( ( ( ( x14 AND x15 ) AND x12 ) AND NOT x4 ) AND x9 ) AND NOT x8 ) ) OR ( ( ( ( ( ( ( x14 AND x15 ) AND x12 ) AND x4 ) AND NOT x5 ) AND NOT x9 ) AND x11 ) AND NOT x8 ) ) OR ( ( ( ( ( ( x14 AND x15 ) AND x12 ) AND x4 ) AND NOT x5 ) AND x9 ) AND NOT x8 ) ) OR ( ( ( ( x14 AND x15 ) AND x12 ) AND x4 ) AND x5 ) )
x5 = ( ( ( ( x4 AND NOT x9 ) AND x11 ) AND NOT x8 ) OR ( ( x4 AND x9 ) AND NOT x8 ) )
x6 = x2
x7 = x11
x8 = ( ( ( ( ( NOT x4 AND NOT x6 ) AND NOT x1 ) OR ( NOT x4 AND x6 ) ) OR ( ( ( x4 AND NOT x5 ) AND NOT x6 ) AND NOT x1 ) ) OR ( ( x4 AND NOT x5 ) AND x6 ) )
x9 = ( x4 AND NOT x11 )
x10 = x6
x11 = ( ( ( ( ( NOT x4 AND x11 ) AND NOT x8 ) AND NOT x3 ) OR ( ( ( ( x4 AND NOT x5 ) AND x11 ) AND NOT x8 ) AND NOT x3 ) ) OR ( ( x4 AND x5 ) AND NOT x8 ) )
x13 = NOT x7"
21,EGGSHELL-PATTERNING-PHENOMOENOLOGICAL,8,4,4,"x1: v_BMP, x2: v_EGF_b1, x3: v_EGF_b2, x4: v_Floor, x5: v_Operculum, x6: v_Roof, x7: v_Roof_adj, x8: v_anterior","x3 = ( x2 AND x3 )
x4 = ( ( ( ( ( x2 AND NOT x3 ) AND x1 ) AND x7 ) AND x8 ) OR ( ( ( x2 AND x3 ) AND x7 ) AND x8 ) )
x5 = ( ( ( ( ( x2 AND NOT x3 ) AND x1 ) AND NOT x7 ) AND x8 ) OR ( ( ( x2 AND x3 ) AND NOT x7 ) AND x8 ) )
x6 = ( ( ( x2 AND NOT x3 ) AND NOT x1 ) AND x8 )"
22,OXIDATIVE-STRESS-PATHWAY,19,1,18,"x1: v_ARE, x2: v_ATM, x3: v_Akt, x4: v_Bach1, x5: v_Bad, x6: v_Bcl2, x7: v_GSK3b, x8: v_Keap1, x9: v_Mdm2, x10: v_Nrf2, x11: v_PI3K, x12: v_PIP2, x13: v_PIP3, x14: v_PKC, x15: v_PTEN, x16: v_ROS, x17: v_Ras, x18: v_Stress, x19: v_p53","x1 = ( x10 AND NOT ( ( x7 OR x4 ) OR x1 ) )
x2 = x16
x3 = x13
x4 = NOT x16
x5 = NOT x3
x6 = NOT ( x19 OR x5 )
x7 = NOT x3
x8 = ( ( x10 AND NOT x4 ) OR ( x8 AND NOT x4 ) )
x9 = ( ( x19 AND NOT x2 ) OR ( x3 AND NOT x2 ) )
x10 = ( ( x14 OR x3 ) OR NOT ( ( x3 OR x8 ) OR x14 ) )
x11 = x17
x12 = x11
x13 = ( x12 AND NOT x15 )
x14 = ( x16 AND ( NOT x1 OR NOT x1 ) )
x15 = NOT x16
x16 = ( x18 AND NOT x1 )
x17 = x16
x19 = ( x2 AND NOT x9 )"
23,CORTICAL-AREA-DEVELOPMENT,5,0,5,"x1: v_Coup_fti, x2: v_Emx2, x3: v_Fgf8, x4: v_Pax6, x5: v_Sp8","x1 = ( NOT ( x3 OR x5 ) OR NOT ( x5 OR x3 ) )
x2 = ( x1 AND NOT ( ( x3 OR x5 ) OR x4 ) )
x3 = ( ( x3 AND x5 ) AND NOT x2 )
x4 = ( x5 AND NOT ( x2 OR x1 ) )
x5 = ( x3 AND NOT x2 )"
24,BUDDING-YEAST-EXIT-MODULE,16,5,11,"x1: v_Bub2_Bfa1, x2: v_Cdc14, x3: v_Cdc15, x4: v_Cdc20, x5: v_Cdc5Polo, x6: v_Cdh1, x7: v_Clb2_b1, x8: v_Clb2_b2, x9: v_Net1_b1, x10: v_Net1_b2, x11: v_PP2ACdc55_b1, x12: v_PP2ACdc55_b2, x13: v_SecurinPds1, x14: v_SeparaseEsp1_b1, x15: v_SeparaseEsp1_b2, x16: v_Tem1","x1 = ( ( ( NOT x11 AND NOT x5 ) OR ( ( x11 AND NOT x12 ) AND NOT x5 ) ) OR ( x11 AND x12 ) )
x3 = ( ( ( NOT x7 OR ( x7 AND NOT x8 ) ) OR ( ( ( x7 AND x8 ) AND NOT x9 ) AND x2 ) ) OR ( ( ( ( x7 AND x8 ) AND x9 ) AND NOT x10 ) AND x2 ) )
x4 = NOT x6
x5 = ( x7 AND NOT x6 )
x6 = ( ( ( ( ( ( NOT x7 AND NOT x9 ) AND NOT x2 ) AND x6 ) OR ( ( NOT x7 AND NOT x9 ) AND x2 ) ) OR ( ( NOT x7 AND x9 ) AND x6 ) ) OR ( ( ( x7 AND NOT x8 ) AND NOT x9 ) AND x2 ) )
x7 = ( ( ( NOT x7 AND NOT x6 ) OR ( ( x7 AND NOT x8 ) AND NOT x6 ) ) OR ( x7 AND x8 ) )
x8 = ( ( x7 AND NOT x4 ) AND NOT x6 )
x9 = ( ( ( ( ( ( ( ( ( ( ( ( ( ( ( ( ( ( ( ( ( ( ( ( ( ( ( ( ( NOT x7 AND NOT x11 ) AND NOT x1 ) AND NOT x16 ) AND NOT x9 ) AND x2 ) OR ( ( ( ( ( ( NOT x7 AND NOT x11 ) AND NOT x1 ) AND NOT x16 ) AND x9 ) AND NOT x10 ) AND x2 ) ) OR ( ( ( ( ( NOT x7 AND NOT x11 ) AND NOT x1 ) AND NOT x16 ) AND x9 ) AND x10 ) ) OR ( ( ( ( ( ( NOT x7 AND NOT x11 ) AND NOT x1 ) AND x16 ) AND NOT x3 ) AND NOT x9 ) AND x2 ) ) OR ( ( ( ( ( ( ( NOT x7 AND NOT x11 ) AND NOT x1 ) AND x16 ) AND NOT x3 ) AND x9 ) AND NOT x10 ) AND x2 ) ) OR ( ( ( ( ( ( NOT x7 AND NOT x11 ) AND NOT x1 ) AND x16 ) AND NOT x3 ) AND x9 ) AND x10 ) ) OR ( ( ( ( ( ( NOT x7 AND NOT x11 ) AND NOT x1 ) AND x16 ) AND x3 ) AND x9 ) AND x10 ) ) OR ( ( ( ( NOT x7 AND NOT x11 ) AND x1 ) AND NOT x9 ) AND x2 ) ) OR ( ( ( ( ( NOT x7 AND NOT x11 ) AND x1 ) AND x9 ) AND NOT x10 ) AND x2 ) ) OR ( ( ( ( NOT x7 AND NOT x11 ) AND x1 ) AND x9 ) AND x10 ) ) OR ( ( ( NOT x7 AND x11 ) AND NOT x1 ) AND NOT x16 ) ) OR ( ( ( ( NOT x7 AND x11 ) AND NOT x1 ) AND x16 ) AND NOT x3 ) ) OR ( ( ( ( ( ( NOT x7 AND x11 ) AND NOT x1 ) AND x16 ) AND x3 ) AND x9 ) AND x10 ) ) OR ( ( NOT x7 AND x11 ) AND x1 ) ) OR ( ( ( ( x7 AND NOT x8 ) AND NOT x11 ) AND x9 ) AND x10 ) ) OR ( ( ( ( x7 AND NOT x8 ) AND x11 ) AND NOT x1 ) AND NOT x16 ) ) OR ( ( ( ( ( x7 AND NOT x8 ) AND x11 ) AND NOT x1 ) AND x16 ) AND NOT x3 ) ) OR ( ( ( ( ( ( ( x7 AND NOT x8 ) AND x11 ) AND NOT x1 ) AND x16 ) AND x3 ) AND x9 ) AND x10 ) ) OR ( ( ( x7 AND NOT x8 ) AND x11 ) AND x1 ) ) OR ( ( ( ( x7 AND x8 ) AND NOT x11 ) AND x9 ) AND x10 ) ) OR ( ( ( ( ( x7 AND x8 ) AND x11 ) AND NOT x12 ) AND x9 ) AND x10 ) ) OR ( ( ( ( ( x7 AND x8 ) AND x11 ) AND x12 ) AND NOT x1 ) AND NOT x16 ) ) OR ( ( ( ( ( ( x7 AND x8 ) AND x11 ) AND x12 ) AND NOT x1 ) AND x16 ) AND NOT x3 ) ) OR ( ( ( ( ( ( ( ( x7 AND x8 ) AND x11 ) AND x12 ) AND NOT x1 ) AND x16 ) AND x3 ) AND x9 ) AND x10 ) ) OR ( ( ( ( x7 AND x8 ) AND x11 ) AND x12 ) AND x1 ) )
x10 = ( ( ( ( ( ( ( ( ( NOT x7 AND x11 ) AND NOT x1 ) AND NOT x16 ) AND x9 ) OR ( ( ( ( ( NOT x7 AND x11 ) AND NOT x1 ) AND x16 ) AND NOT x3 ) AND x9 ) ) OR ( ( ( NOT x7 AND x11 ) AND x1 ) AND x9 ) ) OR ( ( ( ( ( x7 AND x11 ) AND x12 ) AND NOT x1 ) AND NOT x16 ) AND x9 ) ) OR ( ( ( ( ( ( x7 AND x11 ) AND x12 ) AND NOT x1 ) AND x16 ) AND NOT x3 ) AND x9 ) ) OR ( ( ( ( x7 AND x11 ) AND x12 ) AND x1 ) AND x9 ) )
x12 = ( ( ( ( NOT x13 AND NOT x14 ) AND x11 ) OR ( ( x13 AND NOT x14 ) AND x11 ) ) OR ( ( ( x13 AND x14 ) AND NOT x15 ) AND x11 ) )
x13 = NOT x4"
25,ASYMMETRIC-CELL-DIVISION-A,5,0,5,"x1: v_CcrM, x2: v_CtrA, x3: v_DnaA, x4: v_GcrA, x5: v_SciP","x1 = ( ( x2 AND NOT x1 ) AND NOT x5 )
x2 = ( ( ( ( NOT x2 AND x4 ) AND NOT x1 ) AND NOT x5 ) OR ( ( x2 AND NOT x1 ) AND NOT x5 ) )
x3 = ( ( ( x2 AND NOT x4 ) AND NOT x3 ) AND x1 )
x4 = ( NOT x2 AND x3 )
x5 = ( x2 AND NOT x3 )"
26,BODY-SEGMENTATION-IN-DROSOPHILA-2013,17,3,14,"x1: v_CIA, x2: v_CIR, x3: v_CI_protein, x4: v_EN_protein, x5: v_HH_protein, x6: v_PH, x7: v_PTC_protein, x8: v_SLP, x9: v_SMO, x10: v_WG_external, x11: v_WG_protein, x12: v_ci, x13: v_en, x14: v_hh, x15: v_hh_external, x16: v_ptc, x17: v_wg","x1 = ( ( x15 AND x3 ) OR ( x3 AND NOT x7 ) )
x2 = ( ( x3 AND x7 ) AND NOT x15 )
x3 = x12
x4 = x13
x5 = x14
x6 = ( x7 AND x15 )
x7 = ( ( x7 AND NOT x15 ) OR x16 )
x9 = ( x15 OR NOT ( x15 OR x7 ) )
x11 = x17
x12 = NOT x4
x13 = ( x10 AND NOT x8 )
x14 = ( x4 AND NOT x2 )
x16 = ( x1 AND NOT ( x2 OR x4 ) )
x17 = ( ( ( x17 AND ( x8 OR x1 ) ) AND NOT x2 ) OR ( ( x1 AND x8 ) AND NOT x2 ) )"
27,DROSOPHILA-GAP-D,7,2,5,"x1: v_Gt, x2: v_Hb_b1, x3: v_Hb_b2, x4: v_Hb_b3, x5: v_Kni, x6: v_Kr_b1, x7: v_Kr_b2","x1 = ( NOT x2 AND NOT x6 )
x2 = ( x2 AND x3 )
x3 = ( ( x2 AND x3 ) AND x4 )
x5 = ( ( NOT x1 AND NOT x2 ) OR ( ( NOT x1 AND x2 ) AND NOT x3 ) )
x6 = ( x6 AND x7 )"
28,DROSOPHILA-DPP-PATHWAY,18,8,10,"x1: v_Brk, x2: v_Dad, x3: v_Dpp_b1, x4: v_Dpp_b2, x5: v_Gbb, x6: v_MadMed_b1, x7: v_MadMed_b2, x8: v_Nej, x9: v_Punt, x10: v_Sax, x11: v_Scw, x12: v_Shn, x13: v_Sog, x14: v_Targets, x15: v_Tkv_b1, x16: v_Tkv_b2, x17: v_Tld, x18: v_Tsg","x1 = ( NOT x12 AND NOT x6 )
x2 = ( ( NOT x1 AND x6 ) AND x7 )
x4 = ( x3 AND x4 )
x6 = ( ( ( ( ( ( ( ( NOT x15 AND NOT x10 ) AND x6 ) AND x7 ) OR ( ( NOT x15 AND x10 ) AND NOT x2 ) ) OR ( ( ( ( NOT x15 AND x10 ) AND x2 ) AND x6 ) AND x7 ) ) OR ( ( x15 AND NOT x16 ) AND NOT x2 ) ) OR ( ( ( ( x15 AND NOT x16 ) AND x2 ) AND x6 ) AND x7 ) ) OR ( x15 AND x16 ) )
x7 = ( ( ( x15 AND x16 ) AND NOT x2 ) AND x6 )
x10 = ( ( ( ( ( ( NOT x11 AND NOT x5 ) AND NOT x13 ) AND x3 ) AND x9 ) OR ( ( ( NOT x11 AND x5 ) AND NOT x13 ) AND x9 ) ) OR ( ( x11 AND NOT x13 ) AND x9 ) )
x13 = NOT x17
x14 = ( ( NOT x1 AND x6 ) AND x8 )
x15 = ( ( ( ( ( ( ( ( ( ( ( ( ( ( ( ( ( ( ( ( NOT x11 AND NOT x5 ) AND NOT x13 ) AND NOT x3 ) AND x15 ) AND x16 ) OR ( ( ( ( ( ( NOT x11 AND NOT x5 ) AND NOT x13 ) AND x3 ) AND NOT x18 ) AND NOT x15 ) AND x9 ) ) OR ( ( ( ( ( ( ( NOT x11 AND NOT x5 ) AND NOT x13 ) AND x3 ) AND NOT x18 ) AND x15 ) AND NOT x16 ) AND x9 ) ) OR ( ( ( ( ( ( NOT x11 AND NOT x5 ) AND NOT x13 ) AND x3 ) AND NOT x18 ) AND x15 ) AND x16 ) ) OR ( ( ( ( ( ( NOT x11 AND NOT x5 ) AND NOT x13 ) AND x3 ) AND x18 ) AND x15 ) AND x16 ) ) OR ( ( ( ( NOT x11 AND NOT x5 ) AND x13 ) AND x15 ) AND x16 ) ) OR ( ( ( ( ( NOT x11 AND x5 ) AND NOT x13 ) AND NOT x18 ) AND NOT x15 ) AND x9 ) ) OR ( ( ( ( ( ( NOT x11 AND x5 ) AND NOT x13 ) AND NOT x18 ) AND x15 ) AND NOT x16 ) AND x9 ) ) OR ( ( ( ( ( NOT x11 AND x5 ) AND NOT x13 ) AND NOT x18 ) AND x15 ) AND x16 ) ) OR ( ( ( ( ( NOT x11 AND x5 ) AND NOT x13 ) AND x18 ) AND x15 ) AND x16 ) ) OR ( ( ( ( NOT x11 AND x5 ) AND x13 ) AND x15 ) AND x16 ) ) OR ( ( ( ( x11 AND NOT x13 ) AND NOT x18 ) AND NOT x15 ) AND x9 ) ) OR ( ( ( ( ( x11 AND NOT x13 ) AND NOT x18 ) AND x15 ) AND NOT x16 ) AND x9 ) ) OR ( ( ( ( x11 AND NOT x13 ) AND NOT x18 ) AND x15 ) AND x16 ) ) OR ( ( ( ( x11 AND NOT x13 ) AND x18 ) AND x15 ) AND x16 ) ) OR ( ( ( x11 AND x13 ) AND x15 ) AND x16 ) )
x16 = ( ( ( ( ( NOT x13 AND x3 ) AND x4 ) AND NOT x18 ) AND x15 ) AND x9 )"
29,DROSOPHILA-GAP-B,7,3,4,"x1: v_Gt, x2: v_Hb_b1, x3: v_Hb_b2, x4: v_Hb_b3, x5: v_Kni, x6: v_Kr_b1, x7: v_Kr_b2","x1 = NOT x6
x3 = x2
x6 = ( ( ( ( ( ( ( ( ( ( ( ( ( ( NOT x1 AND NOT x2 ) AND x6 ) AND x7 ) OR ( ( NOT x1 AND x2 ) AND NOT x3 ) ) OR ( ( ( NOT x1 AND x2 ) AND x3 ) AND NOT x4 ) ) OR ( ( ( ( ( NOT x1 AND x2 ) AND x3 ) AND x4 ) AND x6 ) AND x7 ) ) OR ( ( ( x1 AND NOT x2 ) AND x6 ) AND x7 ) ) OR ( ( ( ( x1 AND x2 ) AND NOT x3 ) AND NOT x6 ) AND NOT x5 ) ) OR ( ( ( ( ( x1 AND x2 ) AND NOT x3 ) AND x6 ) AND NOT x7 ) AND NOT x5 ) ) OR ( ( ( ( x1 AND x2 ) AND NOT x3 ) AND x6 ) AND x7 ) ) OR ( ( ( ( ( x1 AND x2 ) AND x3 ) AND NOT x4 ) AND NOT x6 ) AND NOT x5 ) ) OR ( ( ( ( ( ( x1 AND x2 ) AND x3 ) AND NOT x4 ) AND x6 ) AND NOT x7 ) AND NOT x5 ) ) OR ( ( ( ( ( x1 AND x2 ) AND x3 ) AND NOT x4 ) AND x6 ) AND x7 ) ) OR ( ( ( ( ( x1 AND x2 ) AND x3 ) AND x4 ) AND x6 ) AND x7 ) )
x7 = ( ( ( ( ( NOT x1 AND x2 ) AND NOT x3 ) AND x6 ) AND NOT x5 ) OR ( ( ( ( ( NOT x1 AND x2 ) AND x3 ) AND NOT x4 ) AND x6 ) AND NOT x5 ) )"
30,DROSOPHILA-CELL-CYCLE,14,3,11,"x1: v_Ago, x2: v_CycA, x3: v_CycB, x4: v_CycD, x5: v_CycE, x6: v_Dap, x7: v_E2F, x8: v_Fzr, x9: v_Fzy, x10: v_Notch, x11: v_Rb, x12: v_Rux, x13: v_Stg, x14: v_Wee1","x2 = ( ( ( NOT x11 AND x7 ) AND NOT x9 ) AND NOT x8 )
x3 = ( ( ( NOT x9 AND NOT x8 ) AND NOT x14 ) OR ( ( ( NOT x9 AND NOT x8 ) AND x14 ) AND x13 ) )
x5 = ( ( ( NOT x11 AND x7 ) AND NOT x6 ) OR ( ( ( NOT x11 AND x7 ) AND x6 ) AND NOT x1 ) )
x6 = ( ( NOT x5 AND NOT x10 ) OR x5 )
x7 = ( ( ( ( ( NOT x11 AND NOT x2 ) AND NOT x12 ) AND NOT x3 ) OR ( ( NOT x11 AND NOT x2 ) AND x12 ) ) OR ( ( NOT x11 AND x2 ) AND x12 ) )
x8 = ( ( ( ( ( ( ( ( NOT x5 AND NOT x2 ) AND NOT x12 ) AND NOT x3 ) OR ( ( NOT x5 AND NOT x2 ) AND x12 ) ) OR ( ( NOT x5 AND x2 ) AND x12 ) ) OR ( ( ( ( x5 AND NOT x2 ) AND NOT x12 ) AND NOT x3 ) AND x10 ) ) OR ( ( ( x5 AND NOT x2 ) AND x12 ) AND x10 ) ) OR ( ( ( x5 AND x2 ) AND x12 ) AND x10 ) )
x9 = ( NOT x12 AND x3 )
x11 = ( ( ( ( ( ( NOT x4 AND NOT x5 ) AND NOT x2 ) AND NOT x12 ) AND NOT x3 ) OR ( ( ( NOT x4 AND NOT x5 ) AND NOT x2 ) AND x12 ) ) OR ( ( ( NOT x4 AND NOT x5 ) AND x2 ) AND x12 ) )
x12 = ( ( ( ( ( ( ( ( NOT x4 AND NOT x2 ) AND NOT x12 ) AND NOT x3 ) OR ( ( NOT x4 AND NOT x2 ) AND x12 ) ) OR ( ( ( NOT x4 AND x2 ) AND x12 ) AND NOT x3 ) ) OR ( ( ( ( x4 AND NOT x5 ) AND NOT x2 ) AND NOT x12 ) AND NOT x3 ) ) OR ( ( ( x4 AND NOT x5 ) AND NOT x2 ) AND x12 ) ) OR ( ( ( ( x4 AND NOT x5 ) AND x2 ) AND x12 ) AND NOT x3 ) )
x13 = ( ( ( ( ( ( NOT x11 AND NOT x7 ) AND NOT x12 ) AND x3 ) AND NOT x10 ) OR ( ( NOT x11 AND x7 ) AND NOT x10 ) ) OR ( ( ( x11 AND NOT x12 ) AND x3 ) AND NOT x10 ) )
x14 = ( ( NOT x12 AND NOT x3 ) OR x12 )"
31,MAPK-REDUCED-1,17,4,13,"x1: v_AKT, x2: v_Apoptosis, x3: v_DNA_damage, x4: v_EGFR, x5: v_EGFR_stimulus, x6: v_ERK, x7: v_FGFR3, x8: v_FGFR3_stimulus, x9: v_FRS2, x10: v_Growth_Arrest, x11: v_MSK, x12: v_PI3K, x13: v_PTEN, x14: v_Proliferation, x15: v_TGFBR_stimulus, x16: v_p14, x17: v_p53","x1 = ( x12 AND NOT x13 )
x2 = ( ( ( ( ( ( ( ( ( ( ( ( ( NOT x15 AND NOT x3 ) AND NOT x6 ) AND x17 ) AND NOT x4 ) AND NOT x7 ) AND NOT x9 ) AND NOT x1 ) AND NOT x11 ) OR ( ( ( ( ( ( ( NOT x15 AND NOT x3 ) AND NOT x6 ) AND x17 ) AND NOT x4 ) AND NOT x7 ) AND x9 ) AND NOT x1 ) ) OR ( ( ( ( ( ( NOT x15 AND NOT x3 ) AND NOT x6 ) AND x17 ) AND NOT x4 ) AND x7 ) AND NOT x1 ) ) OR ( ( ( ( ( NOT x15 AND NOT x3 ) AND NOT x6 ) AND x17 ) AND x4 ) AND NOT x1 ) ) OR ( ( ( ( NOT x15 AND x3 ) AND NOT x6 ) AND x17 ) AND NOT x1 ) ) OR ( ( ( x15 AND NOT x6 ) AND x17 ) AND NOT x1 ) )
x4 = ( ( ( ( ( ( NOT x5 AND NOT x15 ) AND x6 ) AND NOT x4 ) AND NOT x7 ) AND NOT x9 ) OR ( ( ( ( x5 AND NOT x15 ) AND NOT x4 ) AND NOT x7 ) AND NOT x9 ) )
x6 = ( ( ( ( ( ( ( ( ( ( ( NOT x15 AND NOT x3 ) AND NOT x6 ) AND NOT x17 ) AND NOT x4 ) AND NOT x7 ) AND x9 ) AND x11 ) OR ( ( ( ( ( ( NOT x15 AND NOT x3 ) AND NOT x6 ) AND NOT x17 ) AND NOT x4 ) AND x7 ) AND x11 ) ) OR ( ( ( ( ( NOT x15 AND NOT x3 ) AND NOT x6 ) AND NOT x17 ) AND x4 ) AND x11 ) ) OR ( ( ( ( ( ( NOT x15 AND NOT x3 ) AND x6 ) AND NOT x17 ) AND NOT x4 ) AND x7 ) AND x11 ) ) OR ( ( ( ( ( NOT x15 AND NOT x3 ) AND x6 ) AND NOT x17 ) AND x4 ) AND x11 ) )
x7 = ( ( ( ( x8 AND NOT x15 ) AND NOT x4 ) AND NOT x7 ) AND NOT x9 )
x9 = ( ( ( ( NOT x15 AND NOT x6 ) AND NOT x4 ) AND x7 ) AND NOT x9 )
x10 = ( x17 AND NOT x1 )
x11 = ( ( ( ( ( ( ( ( ( ( ( ( ( ( ( ( ( ( ( ( ( NOT x15 AND NOT x3 ) AND NOT x6 ) AND NOT x17 ) AND NOT x4 ) AND NOT x7 ) AND x9 ) AND NOT x11 ) OR ( ( ( ( ( ( NOT x15 AND NOT x3 ) AND NOT x6 ) AND NOT x17 ) AND NOT x4 ) AND x7 ) AND NOT x11 ) ) OR ( ( ( ( ( NOT x15 AND NOT x3 ) AND NOT x6 ) AND NOT x17 ) AND x4 ) AND NOT x11 ) ) OR ( ( ( ( ( ( ( NOT x15 AND NOT x3 ) AND NOT x6 ) AND x17 ) AND NOT x4 ) AND NOT x7 ) AND NOT x9 ) AND NOT x11 ) ) OR ( ( ( ( ( ( NOT x15 AND NOT x3 ) AND NOT x6 ) AND x17 ) AND NOT x4 ) AND NOT x7 ) AND x9 ) ) OR ( ( ( ( ( NOT x15 AND NOT x3 ) AND NOT x6 ) AND x17 ) AND NOT x4 ) AND x7 ) ) OR ( ( ( ( NOT x15 AND NOT x3 ) AND NOT x6 ) AND x17 ) AND x4 ) ) OR ( ( NOT x15 AND NOT x3 ) AND x6 ) ) OR ( ( ( ( ( ( ( NOT x15 AND x3 ) AND NOT x6 ) AND NOT x17 ) AND NOT x4 ) AND NOT x7 ) AND NOT x9 ) AND NOT x11 ) ) OR ( ( ( ( ( ( NOT x15 AND x3 ) AND NOT x6 ) AND NOT x17 ) AND NOT x4 ) AND NOT x7 ) AND x9 ) ) OR ( ( ( ( ( NOT x15 AND x3 ) AND NOT x6 ) AND NOT x17 ) AND NOT x4 ) AND x7 ) ) OR ( ( ( ( NOT x15 AND x3 ) AND NOT x6 ) AND NOT x17 ) AND x4 ) ) OR ( ( ( NOT x15 AND x3 ) AND NOT x6 ) AND x17 ) ) OR ( ( NOT x15 AND x3 ) AND x6 ) ) OR x15 )
x12 = ( ( ( ( ( ( NOT x15 AND NOT x4 ) AND NOT x9 ) AND x12 ) OR ( ( NOT x15 AND NOT x4 ) AND x9 ) ) OR ( NOT x15 AND x4 ) ) OR x15 )
x13 = x17
x14 = ( ( ( ( ( ( ( ( ( ( ( NOT x15 AND NOT x3 ) AND x6 ) AND x12 ) AND x1 ) AND x11 ) OR ( ( ( ( ( ( ( ( NOT x15 AND x3 ) AND x6 ) AND NOT x17 ) AND NOT x4 ) AND NOT x7 ) AND x12 ) AND x1 ) AND x11 ) ) OR ( ( ( ( ( ( ( NOT x15 AND x3 ) AND x6 ) AND NOT x17 ) AND NOT x4 ) AND x7 ) AND x12 ) AND x11 ) ) OR ( ( ( ( ( ( NOT x15 AND x3 ) AND x6 ) AND NOT x17 ) AND x4 ) AND x12 ) AND x11 ) ) OR ( ( ( ( ( ( NOT x15 AND x3 ) AND x6 ) AND x17 ) AND x12 ) AND x1 ) AND x11 ) ) OR ( ( ( ( x15 AND x6 ) AND NOT x17 ) AND x12 ) AND x11 ) ) OR ( ( ( ( ( x15 AND x6 ) AND x17 ) AND x12 ) AND x1 ) AND x11 ) )
x16 = ( ( ( ( ( ( ( ( ( ( ( ( ( ( ( ( ( ( ( ( ( ( ( NOT x15 AND NOT x3 ) AND NOT x6 ) AND NOT x17 ) AND x1 ) AND x11 ) OR ( ( ( ( ( ( ( ( NOT x15 AND NOT x3 ) AND NOT x6 ) AND x17 ) AND NOT x4 ) AND NOT x7 ) AND NOT x9 ) AND x1 ) AND x11 ) ) OR ( ( ( ( ( ( ( NOT x15 AND NOT x3 ) AND NOT x6 ) AND x17 ) AND NOT x4 ) AND NOT x7 ) AND x9 ) AND x11 ) ) OR ( ( ( ( ( ( NOT x15 AND NOT x3 ) AND NOT x6 ) AND x17 ) AND NOT x4 ) AND x7 ) AND x11 ) ) OR ( ( ( ( ( NOT x15 AND NOT x3 ) AND NOT x6 ) AND x17 ) AND x4 ) AND x11 ) ) OR ( ( ( ( ( NOT x15 AND NOT x3 ) AND x6 ) AND NOT x17 ) AND x1 ) AND x11 ) ) OR ( ( ( ( ( ( ( NOT x15 AND NOT x3 ) AND x6 ) AND x17 ) AND NOT x4 ) AND NOT x7 ) AND x1 ) AND x11 ) ) OR ( ( ( ( ( ( NOT x15 AND NOT x3 ) AND x6 ) AND x17 ) AND NOT x4 ) AND x7 ) AND x11 ) ) OR ( ( ( ( ( NOT x15 AND NOT x3 ) AND x6 ) AND x17 ) AND x4 ) AND x11 ) ) OR ( ( ( ( ( ( ( ( NOT x15 AND x3 ) AND NOT x6 ) AND NOT x17 ) AND NOT x4 ) AND NOT x7 ) AND NOT x9 ) AND x1 ) AND x11 ) ) OR ( ( ( ( ( ( ( NOT x15 AND x3 ) AND NOT x6 ) AND NOT x17 ) AND NOT x4 ) AND NOT x7 ) AND x9 ) AND x11 ) ) OR ( ( ( ( ( ( NOT x15 AND x3 ) AND NOT x6 ) AND NOT x17 ) AND NOT x4 ) AND x7 ) AND x11 ) ) OR ( ( ( ( ( NOT x15 AND x3 ) AND NOT x6 ) AND NOT x17 ) AND x4 ) AND x11 ) ) OR ( ( ( ( NOT x15 AND x3 ) AND NOT x6 ) AND x17 ) AND x11 ) ) OR ( ( ( ( ( ( ( NOT x15 AND x3 ) AND x6 ) AND NOT x17 ) AND NOT x4 ) AND NOT x7 ) AND x1 ) AND x11 ) ) OR ( ( ( ( ( ( NOT x15 AND x3 ) AND x6 ) AND NOT x17 ) AND NOT x4 ) AND x7 ) AND x11 ) ) OR ( ( ( ( ( NOT x15 AND x3 ) AND x6 ) AND NOT x17 ) AND x4 ) AND x11 ) ) OR ( ( ( ( NOT x15 AND x3 ) AND x6 ) AND x17 ) AND x11 ) ) OR ( x15 AND x11 ) )
x17 = ( ( ( ( ( ( ( ( ( ( ( ( ( ( ( ( ( ( ( ( ( ( ( ( ( ( ( ( ( ( ( ( ( ( ( ( ( ( ( ( ( NOT x15 AND NOT x3 ) AND NOT x6 ) AND NOT x17 ) AND NOT x4 ) AND NOT x7 ) AND x9 ) AND NOT x1 ) AND NOT x11 ) OR ( ( ( ( ( ( ( ( ( NOT x15 AND NOT x3 ) AND NOT x6 ) AND NOT x17 ) AND NOT x4 ) AND NOT x7 ) AND x9 ) AND x1 ) AND NOT x11 ) AND x16 ) ) OR ( ( ( ( ( ( ( NOT x15 AND NOT x3 ) AND NOT x6 ) AND NOT x17 ) AND NOT x4 ) AND x7 ) AND NOT x1 ) AND NOT x11 ) ) OR ( ( ( ( ( ( ( ( NOT x15 AND NOT x3 ) AND NOT x6 ) AND NOT x17 ) AND NOT x4 ) AND x7 ) AND x1 ) AND NOT x11 ) AND x16 ) ) OR ( ( ( ( ( ( NOT x15 AND NOT x3 ) AND NOT x6 ) AND NOT x17 ) AND x4 ) AND NOT x1 ) AND NOT x11 ) ) OR ( ( ( ( ( ( ( NOT x15 AND NOT x3 ) AND NOT x6 ) AND NOT x17 ) AND x4 ) AND x1 ) AND NOT x11 ) AND x16 ) ) OR ( ( ( ( ( ( ( ( NOT x15 AND NOT x3 ) AND NOT x6 ) AND x17 ) AND NOT x4 ) AND NOT x7 ) AND NOT x9 ) AND NOT x11 ) AND x16 ) ) OR ( ( ( ( ( ( ( NOT x15 AND NOT x3 ) AND NOT x6 ) AND x17 ) AND NOT x4 ) AND NOT x7 ) AND x9 ) AND x16 ) ) OR ( ( ( ( ( ( NOT x15 AND NOT x3 ) AND NOT x6 ) AND x17 ) AND NOT x4 ) AND x7 ) AND x16 ) ) OR ( ( ( ( ( NOT x15 AND NOT x3 ) AND NOT x6 ) AND x17 ) AND x4 ) AND x16 ) ) OR ( ( ( ( ( ( ( NOT x15 AND NOT x3 ) AND x6 ) AND NOT x17 ) AND NOT x4 ) AND x7 ) AND NOT x1 ) AND NOT x11 ) ) OR ( ( ( ( ( ( ( ( NOT x15 AND NOT x3 ) AND x6 ) AND NOT x17 ) AND NOT x4 ) AND x7 ) AND x1 ) AND NOT x11 ) AND x16 ) ) OR ( ( ( ( ( ( NOT x15 AND NOT x3 ) AND x6 ) AND NOT x17 ) AND x4 ) AND NOT x1 ) AND NOT x11 ) ) OR ( ( ( ( ( ( ( NOT x15 AND NOT x3 ) AND x6 ) AND NOT x17 ) AND x4 ) AND x1 ) AND NOT x11 ) AND x16 ) ) OR ( ( ( ( ( ( ( NOT x15 AND NOT x3 ) AND x6 ) AND x17 ) AND NOT x4 ) AND NOT x7 ) AND NOT x11 ) AND x16 ) ) OR ( ( ( ( ( ( NOT x15 AND NOT x3 ) AND x6 ) AND x17 ) AND NOT x4 ) AND x7 ) AND x16 ) ) OR ( ( ( ( ( NOT x15 AND NOT x3 ) AND x6 ) AND x17 ) AND x4 ) AND x16 ) ) OR ( ( ( ( ( ( ( NOT x15 AND x3 ) AND NOT x6 ) AND NOT x17 ) AND NOT x4 ) AND NOT x7 ) AND NOT x9 ) AND NOT x1 ) ) OR ( ( ( ( ( ( ( ( NOT x15 AND x3 ) AND NOT x6 ) AND NOT x17 ) AND NOT x4 ) AND NOT x7 ) AND NOT x9 ) AND x1 ) AND NOT x11 ) ) OR ( ( ( ( ( ( ( ( ( NOT x15 AND x3 ) AND NOT x6 ) AND NOT x17 ) AND NOT x4 ) AND NOT x7 ) AND NOT x9 ) AND x1 ) AND x11 ) AND x16 ) ) OR ( ( ( ( ( ( NOT x15 AND x3 ) AND NOT x6 ) AND NOT x17 ) AND NOT x4 ) AND NOT x7 ) AND x9 ) ) OR ( ( ( ( ( NOT x15 AND x3 ) AND NOT x6 ) AND NOT x17 ) AND NOT x4 ) AND x7 ) ) OR ( ( ( ( NOT x15 AND x3 ) AND NOT x6 ) AND NOT x17 ) AND x4 ) ) OR ( ( ( NOT x15 AND x3 ) AND NOT x6 ) AND x17 ) ) OR ( ( ( ( ( ( NOT x15 AND x3 ) AND x6 ) AND NOT x17 ) AND NOT x4 ) AND NOT x7 ) AND NOT x1 ) ) OR ( ( ( ( ( ( ( NOT x15 AND x3 ) AND x6 ) AND NOT x17 ) AND NOT x4 ) AND NOT x7 ) AND x1 ) AND NOT x11 ) ) OR ( ( ( ( ( ( ( ( NOT x15 AND x3 ) AND x6 ) AND NOT x17 ) AND NOT x4 ) AND NOT x7 ) AND x1 ) AND x11 ) AND x16 ) ) OR ( ( ( ( ( NOT x15 AND x3 ) AND x6 ) AND NOT x17 ) AND NOT x4 ) AND x7 ) ) OR ( ( ( ( NOT x15 AND x3 ) AND x6 ) AND NOT x17 ) AND x4 ) ) OR ( ( ( NOT x15 AND x3 ) AND x6 ) AND x17 ) ) OR ( ( ( x15 AND NOT x3 ) AND NOT x17 ) AND NOT x1 ) ) OR ( ( ( ( x15 AND NOT x3 ) AND NOT x17 ) AND x1 ) AND x16 ) ) OR ( ( ( x15 AND NOT x3 ) AND x17 ) AND x16 ) ) OR ( x15 AND x3 ) )"
32,BUDDING-YEAST-CELL-CYCLE-2009,18,0,18,"x1: v_B, x2: v_CD, x3: v_CKI, x4: v_Cdc14, x5: v_Cdc20, x6: v_Cdh1, x7: v_Clb2, x8: v_Clb5, x9: v_Cln2, x10: v_Cln3, x11: v_FEAR, x12: v_M, x13: v_MEN, x14: v_S, x15: v_SFF, x16: v_SMBF, x17: v_Swi5, x18: v_Yhp1","x1 = ( ( ( x9 AND NOT x2 ) OR ( x1 AND NOT x2 ) ) OR ( x8 AND NOT x2 ) )
x2 = ( ( x12 AND ( x4 AND x11 ) ) AND NOT x2 )
x3 = ( ( ( x17 AND NOT ( ( x7 OR x9 ) OR x8 ) ) OR ( x3 AND NOT ( ( x7 OR x9 ) OR x8 ) ) ) OR ( x4 AND x17 ) )
x4 = ( x11 AND x13 )
x5 = ( x12 AND ( x15 AND x7 ) )
x6 = ( x4 OR NOT ( ( ( x4 OR x8 ) OR x9 ) OR x7 ) )
x7 = ( ( ( x1 AND ( NOT x5 OR NOT x6 ) ) AND NOT x3 ) OR ( ( x7 AND ( ( NOT x5 OR NOT x6 ) AND x15 ) ) AND NOT x3 ) )
x8 = ( x16 AND ( NOT x5 OR ( NOT x3 AND NOT x5 ) ) )
x9 = x16
x10 = NOT x18
x11 = x5
x12 = ( ( x12 AND NOT x2 ) OR ( ( x14 AND x7 ) AND NOT x2 ) )
x13 = ( x11 AND x7 )
x14 = ( ( ( x8 AND NOT x2 ) OR ( x7 AND NOT x2 ) ) OR ( x14 AND NOT x2 ) )
x15 = ( ( x7 AND x15 ) OR ( ( x1 AND ( NOT x5 OR NOT x6 ) ) AND NOT x3 ) )
x16 = ( ( ( x10 AND NOT x7 ) OR ( x16 AND NOT x7 ) ) OR ( x9 AND NOT x7 ) )
x17 = ( ( x4 AND x15 ) OR ( x15 AND NOT x7 ) )
x18 = x16"
33,REGULATION-OF-L-ARABINOSE-OPERON,13,4,9,"x1: v_A, x2: v_Ae, x3: v_Aem, x4: v_Am, x5: v_C, x6: v_E, x7: v_Ge, x8: v_L, x9: v_MS, x10: v_MT, x11: v_S_2_Ara_, x12: v_S_7_Ara_, x13: v_T","x1 = ( x2 AND x13 )
x4 = ( ( x3 AND x13 ) OR x2 )
x5 = NOT x7
x6 = x9
x8 = ( x11 AND NOT x12 )
x9 = ( x12 AND x5 )
x10 = ( x12 AND x5 )
x12 = ( x11 AND ( x1 OR x4 ) )
x13 = x10"
34,HEPATOCELLULAR-CARCINOMA-REDUCED,19,0,19,"x1: v_AKT, x2: v_AXIN2, x3: v_Bcatenin_memb, x4: v_Bcatenin_nuc, x5: v_Dest_compl, x6: v_Ecadherin, x7: v_GLI, x8: v_GSK3B, x9: v_MEK, x10: v_NOTCH, x11: v_SMAD, x12: v_SNAI1, x13: v_SNAI2, x14: v_SOS_GRB2, x15: v_TGFBR, x16: v_TWIST1, x17: v_ZEB1, x18: v_ZEB2, x19: v_miR200","x1 = ( x11 OR ( x14 OR ( NOT x8 OR x4 ) ) )
x2 = ( x2 OR x4 )
x3 = ( x6 AND NOT x4 )
x4 = ( NOT x5 AND ( NOT x3 AND ( x11 OR ( x7 OR NOT x6 ) ) ) )
x5 = ( ( x8 AND ( x2 AND x4 ) ) OR ( x8 AND x5 ) )
x6 = ( x3 AND ( NOT x12 OR ( ( NOT x10 AND NOT x11 ) OR ( NOT x17 OR ( NOT x18 OR ( NOT x16 OR NOT x13 ) ) ) ) ) )
x7 = ( x4 OR ( x11 OR x7 ) )
x8 = ( NOT x7 AND NOT x1 )
x9 = ( x14 OR ( NOT x8 OR ( x4 OR NOT ( NOT x9 OR NOT x12 ) ) ) )
x10 = ( x14 OR ( NOT x8 OR ( x4 OR x11 ) ) )
x11 = ( ( x9 OR x15 ) AND ( x17 OR NOT x18 ) )
x12 = ( x7 OR ( x11 OR ( x4 OR ( x15 OR ( x10 OR ( x9 OR ( x1 OR NOT x8 ) ) ) ) ) ) )
x13 = ( x9 OR ( x4 OR ( x13 OR x16 ) ) )
x14 = ( ( x4 OR x15 ) AND NOT x9 )
x15 = ( x12 OR ( x16 OR x7 ) )
x16 = ( x1 OR ( x4 OR x12 ) )
x17 = ( x12 AND NOT x19 )
x18 = ( x12 AND NOT x19 )
x19 = ( NOT x12 AND ( NOT x17 AND NOT x18 ) )"
35,MAPK-REDUCED-3,16,4,12,"x1: v_Apoptosis, x2: v_DNA_damage, x3: v_EGFR_stimulus, x4: v_ERK, x5: v_FGFR3_stimulus, x6: v_GADD45, x7: v_GRB2, x8: v_Growth_Arrest, x9: v_JNK, x10: v_MDM2, x11: v_PI3K, x12: v_PLCG, x13: v_Proliferation, x14: v_RAS, x15: v_TGFBR_stimulus, x16: v_p38","x1 = ( ( ( ( ( ( NOT x2 AND NOT x4 ) AND x16 ) AND x9 ) AND NOT x10 ) OR ( ( ( ( x2 AND NOT x4 ) AND NOT x16 ) AND x9 ) AND NOT x10 ) ) OR ( ( ( x2 AND NOT x4 ) AND x16 ) AND x9 ) )
x4 = ( ( ( ( ( ( ( ( ( ( ( ( ( NOT x2 AND NOT x4 ) AND NOT x16 ) AND NOT x9 ) AND NOT x12 ) AND x14 ) OR ( ( ( ( ( NOT x2 AND NOT x4 ) AND NOT x16 ) AND NOT x9 ) AND x12 ) AND NOT x11 ) ) OR ( ( ( ( ( ( NOT x2 AND NOT x4 ) AND NOT x16 ) AND NOT x9 ) AND x12 ) AND x11 ) AND x14 ) ) OR ( ( ( ( NOT x2 AND x4 ) AND NOT x16 ) AND NOT x9 ) AND x14 ) ) OR ( ( ( ( ( x2 AND NOT x4 ) AND NOT x16 ) AND NOT x9 ) AND NOT x12 ) AND x14 ) ) OR ( ( ( ( ( x2 AND NOT x4 ) AND NOT x16 ) AND NOT x9 ) AND x12 ) AND NOT x11 ) ) OR ( ( ( ( ( ( ( x2 AND NOT x4 ) AND NOT x16 ) AND NOT x9 ) AND x12 ) AND x11 ) AND NOT x14 ) AND NOT x10 ) ) OR ( ( ( ( ( ( x2 AND NOT x4 ) AND NOT x16 ) AND NOT x9 ) AND x12 ) AND x11 ) AND x14 ) ) OR ( ( ( ( x2 AND x4 ) AND NOT x16 ) AND NOT x9 ) AND x14 ) )
x6 = ( ( ( ( ( ( NOT x15 AND NOT x2 ) AND x16 ) AND NOT x10 ) OR ( ( ( NOT x15 AND x2 ) AND NOT x16 ) AND NOT x10 ) ) OR ( ( NOT x15 AND x2 ) AND x16 ) ) OR x15 )
x7 = ( ( ( ( ( ( ( ( ( ( NOT x3 AND NOT x5 ) AND NOT x15 ) AND x4 ) AND NOT x7 ) AND NOT x12 ) OR ( ( NOT x3 AND NOT x5 ) AND x15 ) ) OR ( ( ( ( NOT x3 AND x5 ) AND NOT x15 ) AND NOT x7 ) AND NOT x12 ) ) OR ( ( NOT x3 AND x5 ) AND x15 ) ) OR ( ( ( x3 AND NOT x15 ) AND NOT x7 ) AND NOT x12 ) ) OR ( x3 AND x15 ) )
x8 = ( ( ( ( NOT x2 AND x16 ) AND NOT x10 ) OR ( ( x2 AND NOT x16 ) AND NOT x10 ) ) OR ( x2 AND x16 ) )
x9 = ( ( ( ( ( ( ( ( ( ( ( ( ( ( ( ( ( ( ( NOT x15 AND NOT x2 ) AND NOT x4 ) AND NOT x16 ) AND NOT x6 ) AND x14 ) OR ( ( ( ( NOT x15 AND NOT x2 ) AND NOT x4 ) AND NOT x16 ) AND x6 ) ) OR ( ( ( ( ( NOT x15 AND NOT x2 ) AND NOT x4 ) AND x16 ) AND x6 ) AND x14 ) ) OR ( ( ( ( NOT x15 AND NOT x2 ) AND x4 ) AND x6 ) AND x14 ) ) OR ( ( ( NOT x15 AND x2 ) AND NOT x4 ) AND NOT x16 ) ) OR ( ( ( ( ( NOT x15 AND x2 ) AND NOT x4 ) AND x16 ) AND NOT x6 ) AND x14 ) ) OR ( ( ( ( NOT x15 AND x2 ) AND NOT x4 ) AND x16 ) AND x6 ) ) OR ( ( ( ( NOT x15 AND x2 ) AND x4 ) AND NOT x6 ) AND x14 ) ) OR ( ( ( NOT x15 AND x2 ) AND x4 ) AND x6 ) ) OR ( ( ( x15 AND NOT x2 ) AND NOT x4 ) AND NOT x16 ) ) OR ( ( ( ( ( x15 AND NOT x2 ) AND NOT x4 ) AND x16 ) AND NOT x6 ) AND x14 ) ) OR ( ( ( ( x15 AND NOT x2 ) AND NOT x4 ) AND x16 ) AND x6 ) ) OR ( ( ( ( x15 AND NOT x2 ) AND x4 ) AND NOT x6 ) AND x14 ) ) OR ( ( ( x15 AND NOT x2 ) AND x4 ) AND x6 ) ) OR ( x15 AND x2 ) )
x10 = ( ( ( ( ( ( NOT x2 AND NOT x4 ) AND NOT x16 ) AND x11 ) OR ( ( ( ( x2 AND NOT x4 ) AND NOT x16 ) AND NOT x11 ) AND NOT x10 ) ) OR ( ( ( x2 AND NOT x4 ) AND NOT x16 ) AND x11 ) ) OR ( ( ( x2 AND x4 ) AND NOT x16 ) AND NOT x10 ) )
x11 = ( ( NOT x7 AND x11 ) OR x7 )
x12 = ( ( ( ( ( ( NOT x3 AND NOT x5 ) AND x4 ) AND NOT x7 ) AND NOT x12 ) OR ( ( ( NOT x3 AND x5 ) AND NOT x7 ) AND NOT x12 ) ) OR ( ( x3 AND NOT x7 ) AND NOT x12 ) )
x13 = ( ( ( ( ( NOT x2 AND x4 ) AND NOT x16 ) AND x11 ) OR ( ( ( ( NOT x2 AND x4 ) AND x16 ) AND x11 ) AND x10 ) ) OR ( ( ( ( x2 AND x4 ) AND NOT x16 ) AND x11 ) AND x10 ) )
x14 = ( ( ( ( NOT x4 AND NOT x7 ) AND x12 ) OR ( NOT x4 AND x7 ) ) OR ( x4 AND x12 ) )
x16 = ( ( ( ( ( ( ( ( ( ( ( ( ( ( ( ( ( ( ( NOT x15 AND NOT x2 ) AND NOT x4 ) AND NOT x16 ) AND NOT x6 ) AND x14 ) OR ( ( ( ( NOT x15 AND NOT x2 ) AND NOT x4 ) AND NOT x16 ) AND x6 ) ) OR ( ( ( ( ( NOT x15 AND NOT x2 ) AND NOT x4 ) AND x16 ) AND x6 ) AND x14 ) ) OR ( ( ( ( NOT x15 AND NOT x2 ) AND x4 ) AND x6 ) AND x14 ) ) OR ( ( ( NOT x15 AND x2 ) AND NOT x4 ) AND NOT x16 ) ) OR ( ( ( ( ( NOT x15 AND x2 ) AND NOT x4 ) AND x16 ) AND NOT x6 ) AND x14 ) ) OR ( ( ( ( NOT x15 AND x2 ) AND NOT x4 ) AND x16 ) AND x6 ) ) OR ( ( ( ( NOT x15 AND x2 ) AND x4 ) AND NOT x6 ) AND x14 ) ) OR ( ( ( NOT x15 AND x2 ) AND x4 ) AND x6 ) ) OR ( ( ( x15 AND NOT x2 ) AND NOT x4 ) AND NOT x16 ) ) OR ( ( ( ( ( x15 AND NOT x2 ) AND NOT x4 ) AND x16 ) AND NOT x6 ) AND x14 ) ) OR ( ( ( ( x15 AND NOT x2 ) AND NOT x4 ) AND x16 ) AND x6 ) ) OR ( ( ( ( x15 AND NOT x2 ) AND x4 ) AND NOT x6 ) AND x14 ) ) OR ( ( ( x15 AND NOT x2 ) AND x4 ) AND x6 ) ) OR ( x15 AND x2 ) )"
36,LAC-OPERON,13,3,10,"x1: v_A, x2: v_Am, x3: v_B, x4: v_C, x5: v_Ge, x6: v_L, x7: v_Le, x8: v_Lem, x9: v_Lm, x10: v_M, x11: v_P, x12: v_R, x13: v_Rm","x1 = ( x6 AND x3 )
x2 = ( x9 OR x6 )
x3 = x10
x4 = NOT x5
x6 = ( ( x7 AND x11 ) AND NOT x5 )
x9 = ( ( ( x8 AND x11 ) AND NOT x5 ) OR ( x7 AND NOT x5 ) )
x10 = ( x4 AND NOT ( x12 OR x13 ) )
x11 = x10
x12 = NOT ( x2 OR x1 )
x13 = ( x12 OR NOT ( ( x12 OR x2 ) OR x1 ) )"
37,CD4-T-CELL-DIFFERENTIATION-AND-PLASTICITY,18,6,12,"x1: v_BCL6, x2: v_FOXP3, x3: v_GATA3, x4: v_IFNG, x5: v_IFNGe, x6: v_IL10, x7: v_IL10e, x8: v_IL2, x9: v_IL21, x10: v_IL21e, x11: v_IL2e, x12: v_IL4, x13: v_IL4e, x14: v_IL9, x15: v_RORGT, x16: v_TBET, x17: v_TGFB, x18: v_TGFBe","x1 = ( x9 AND NOT ( ( x8 OR x16 ) OR x17 ) )
x2 = ( ( x8 AND ( x2 OR x17 ) ) AND NOT ( x9 OR x15 ) )
x3 = ( ( ( x12 AND x8 ) AND NOT ( ( ( ( x16 OR x1 ) OR x17 ) OR x4 ) OR x9 ) ) OR ( x3 AND NOT ( ( ( ( x16 OR x1 ) OR x17 ) OR x4 ) OR x9 ) ) )
x4 = ( ( ( x5 AND NOT ( ( ( x9 OR x12 ) OR x6 ) OR x14 ) ) OR ( x16 AND NOT ( ( ( ( ( ( x9 OR x12 ) OR x1 ) OR x6 ) OR x14 ) OR x17 ) OR x3 ) ) ) OR ( x4 AND NOT ( ( ( ( ( ( x9 OR x12 ) OR x1 ) OR x6 ) OR x14 ) OR x17 ) OR x3 ) ) )
x6 = ( ( x6 AND ( ( ( x3 OR x4 ) OR x9 ) OR x17 ) ) OR x7 )
x8 = ( ( x11 AND NOT ( ( x9 OR x4 ) OR x6 ) ) OR ( x8 AND NOT ( ( ( x9 OR x2 ) OR x4 ) OR x6 ) ) )
x9 = ( ( ( ( x10 AND NOT ( ( ( ( x12 OR x4 ) OR x8 ) OR x14 ) OR x6 ) ) OR ( x1 AND NOT ( ( ( ( x12 OR x4 ) OR x8 ) OR x14 ) OR x6 ) ) ) OR ( x15 AND NOT ( ( ( ( x12 OR x4 ) OR x8 ) OR x14 ) OR x6 ) ) ) OR ( x9 AND NOT ( ( ( ( x12 OR x4 ) OR x8 ) OR x14 ) OR x6 ) ) )
x12 = ( ( x13 AND NOT ( x9 OR x4 ) ) OR ( ( x3 AND ( x8 OR x12 ) ) AND NOT ( ( x16 OR x9 ) OR x4 ) ) )
x14 = ( ( x12 AND ( ( x8 AND x6 ) OR x17 ) ) AND NOT ( x9 OR x4 ) )
x15 = ( ( x9 AND x17 ) AND NOT ( ( ( x16 OR x3 ) OR x1 ) OR x2 ) )
x16 = ( ( x4 AND NOT ( ( ( ( x14 OR x3 ) OR x1 ) OR x9 ) OR x12 ) ) OR ( x16 AND NOT ( ( ( ( x14 OR x3 ) OR x1 ) OR x9 ) OR x12 ) ) )
x17 = ( ( x18 OR ( x2 AND NOT x9 ) ) OR ( x17 AND NOT x9 ) )"
38,HUMAN-GONADAL-SEX-DETERMINATION,19,0,19,"x1: v_AMH, x2: v_CBX2, x3: v_CTNNB1, x4: v_DHH, x5: v_DKK1, x6: v_DMRT1, x7: v_FGF9, x8: v_FOXL2, x9: v_GATA4, x10: v_NR0B1, x11: v_NR5A1, x12: v_PGD2, x13: v_RSPO1, x14: v_SOX9, x15: v_SRY, x16: v_UGR, x17: v_WNT4, x18: v_WT1mKTS, x19: v_WT1pKTS","x1 = ( ( x14 AND ( ( ( x9 AND x18 ) AND x11 ) OR ( x9 AND x11 ) ) ) AND NOT ( x10 AND x3 ) )
x2 = ( x16 AND NOT ( x10 AND ( x17 AND x3 ) ) )
x3 = ( ( x13 AND NOT ( x15 OR ( x14 AND x1 ) ) ) OR ( x17 AND NOT ( x15 OR ( x14 AND x1 ) ) ) )
x4 = x14
x5 = ( x15 OR x14 )
x6 = ( ( x14 AND NOT x8 ) OR ( x15 AND NOT x8 ) )
x7 = ( x14 AND NOT x17 )
x8 = ( ( x17 AND x3 ) AND NOT ( x14 OR x6 ) )
x9 = ( ( ( x15 OR x16 ) OR x17 ) OR x11 )
x10 = ( ( x18 AND NOT ( x11 AND x14 ) ) OR ( ( x17 AND x3 ) AND NOT ( x11 AND x14 ) ) )
x11 = ( ( ( ( x9 AND NOT ( x10 AND x17 ) ) OR ( x16 AND NOT ( x10 AND x17 ) ) ) OR ( x2 AND NOT ( x10 AND x17 ) ) ) OR ( x18 AND NOT ( x10 AND x17 ) ) )
x12 = x14
x13 = ( ( x17 AND NOT x5 ) OR ( x3 AND NOT x5 ) )
x14 = ( ( ( ( ( ( x9 AND ( x15 AND x11 ) ) AND NOT ( ( x3 OR x8 ) OR x17 ) ) OR ( ( x2 AND x15 ) AND NOT ( ( x3 OR x8 ) OR x17 ) ) ) OR ( ( x7 AND x14 ) AND NOT ( ( x3 OR x8 ) OR x17 ) ) ) OR ( x12 AND NOT ( ( x3 OR x8 ) OR x17 ) ) ) OR ( x15 AND NOT ( ( x3 OR x8 ) OR x17 ) ) )
x15 = ( ( ( ( ( x9 AND ( ( x11 AND x2 ) AND x19 ) ) AND NOT x3 ) OR ( x15 AND NOT x3 ) ) OR ( ( x2 AND ( x18 AND x11 ) ) AND NOT x3 ) ) OR ( x14 AND NOT x3 ) )
x16 = ( x16 AND NOT ( x11 OR x17 ) )
x17 = ( ( ( ( x9 AND NOT ( x7 OR x5 ) ) OR ( x3 AND NOT ( x7 OR x5 ) ) ) OR ( x13 AND NOT ( x7 OR x5 ) ) ) OR ( x10 AND NOT ( x7 OR x5 ) ) )
x18 = ( x16 OR x9 )
x19 = ( ( x16 AND NOT ( x17 AND x3 ) ) OR ( x9 AND NOT ( x17 AND x3 ) ) )"
39,COLORECTAL-TUMORIGENESIS-REVERSION-SWITCH,17,0,17,"x1: v_BHLHE40, x2: v_CDX2, x3: v_DDIT3, x4: v_FOSL2, x5: v_FOXO3, x6: v_JUN, x7: v_KLF4, x8: v_KLF5, x9: v_KLF6, x10: v_MAFF, x11: v_MYC, x12: v_NFIA, x13: v_NFIL3, x14: v_RELB, x15: v_SMARCA4, x16: v_SREBF1, x17: v_YY1","x1 = ( x9 OR x1 )
x2 = ( x11 OR ( x2 OR x2 ) )
x3 = ( x3 OR ( x8 OR ( x3 OR ( x6 OR ( ( x13 AND x3 ) OR x3 ) ) ) ) )
x4 = ( ( x1 OR x8 ) AND NOT x11 )
x5 = ( x5 AND x6 )
x6 = ( ( x8 AND ( x13 AND NOT x17 ) ) OR ( ( x8 AND ( x3 AND NOT x17 ) ) OR ( ( ( x5 OR x13 ) AND NOT x17 ) OR ( ( ( x8 OR x13 ) AND NOT x17 ) OR ( ( x3 AND ( x13 AND NOT x17 ) ) OR ( ( ( x8 OR x3 ) AND NOT x17 ) OR ( ( x3 AND NOT x17 ) OR ( ( x8 AND NOT x17 ) OR ( ( x13 AND NOT x17 ) OR ( ( ( x3 OR x13 ) AND NOT x17 ) OR ( ( ( x5 OR x3 ) AND NOT x17 ) OR ( ( x8 OR x5 ) AND NOT x17 ) ) ) ) ) ) ) ) ) ) ) )
x7 = ( ( x1 OR x5 ) AND NOT x11 )
x8 = ( ( x6 AND ( x14 AND NOT x17 ) ) OR ( ( x14 AND NOT x17 ) OR ( ( x6 AND NOT x17 ) OR ( ( ( x6 OR x14 ) AND NOT x17 ) OR ( ( ( x5 OR x14 ) AND NOT x17 ) OR ( ( ( x6 OR x5 ) AND NOT x17 ) OR ( ( ( x4 OR x14 ) AND NOT x17 ) OR ( ( x6 OR x4 ) AND NOT x17 ) ) ) ) ) ) ) )
x9 = ( ( x9 AND x10 ) OR x9 )
x10 = ( x5 OR x1 )
x11 = ( x2 OR ( x15 OR x2 ) )
x12 = ( x11 OR ( x16 AND x11 ) )
x13 = ( x3 OR ( x3 OR x6 ) )
x14 = ( x8 OR ( x14 OR x14 ) )
x15 = x11
x16 = ( x17 OR ( x12 OR x17 ) )
x17 = ( x17 OR ( x16 OR ( x17 OR ( x11 OR x17 ) ) ) )"
40,NEUROTRANSMITTER-SIGNALING-PATHWAY,16,2,14,"x1: v_Adenylate_cyclase, x2: v_COMT, x3: v_Calcineurin, x4: v_Calcium, x5: v_DARPP32, x6: v_Dopamine, x7: v_Dopamine_Receptor_1, x8: v_Dopamine_Receptor_2, x9: v_Exocytosis, x10: v_Glutamate, x11: v_Glutamate_Receptor, x12: v_Packaging_Proteins, x13: v_Phospholipase_C, x14: v_Protein_Kinase_A, x15: v_Protein_Phosphatase_1, x16: v_Tryosine_hydroxylase","x1 = ( x7 AND NOT x8 )
x2 = x6
x3 = x4
x4 = ( x13 OR x11 )
x5 = ( x14 AND NOT x3 )
x6 = ( x16 AND NOT x2 )
x7 = x6
x8 = x6
x9 = x12
x11 = ( ( x14 AND x10 ) AND NOT x15 )
x12 = x11
x13 = x8
x14 = x1
x15 = NOT x5"
41,JNK-PATHWAY,19,6,13,"x1: v_3a, x2: v_3b, x3: v_7a, x4: v_AP_1_complex, x5: v_ATF2_phosphorylated, x6: v_Apoptosis_phenotype, x7: v_Autophagy_phenotype, x8: v_BCL2_phosphorylated, x9: v_Innate_Immunity_phenotype, x10: v_MAP2K4_phosphorylated, x11: v_MAP2K7_phosphorylated, x12: v_MEKK1_4_complex, x13: v_MLK1_2_3_complex, x14: v_S, x15: v_SARS_CoV_1_proteins_complex, x16: v_TP53_phosphorylated, x17: v_TP53_signalling_phenotype, x18: v_csa12_JNK_complex_cell, x19: v_csa1_JNK_complex_cell","x4 = ( x19 OR x2 )
x5 = x19
x6 = NOT x8
x7 = x8
x8 = x19
x9 = x4
x10 = ( x12 OR x15 )
x11 = ( x13 OR x15 )
x12 = x15
x13 = x15
x16 = x19
x17 = x16
x19 = ( ( ( ( ( x10 OR x11 ) OR x3 ) OR x1 ) AND x18 ) OR ( x18 AND x14 ) )"
42,MIR-9-NEUROGENESIS,6,0,6,"x1: v_Neural_Precursor, x2: v_Progenitor, x3: v_elavl3_HuC, x4: v_her6, x5: v_miR_9, x6: v_zic5","x1 = x3
x2 = ( ( NOT x4 AND x6 ) OR x4 )
x3 = ( NOT x5 AND NOT x2 )
x4 = ( NOT x5 AND NOT x1 )
x5 = ( NOT x4 AND NOT x1 )
x6 = ( NOT x5 AND NOT x1 )"
43,DROSOPHILA-JAK-STAT-PATHWAY,19,12,7,"x1: v_Brwd3, x2: v_Dome, x3: v_ET, x4: v_Hop_b1, x5: v_Hop_b2, x6: v_Hrs, x7: v_Ken, x8: v_NStat92E, x9: v_OS, x10: v_Ptp61F, x11: v_Socs36E, x12: v_Socs44A, x13: v_Stam, x14: v_Stat92E_b1, x15: v_Stat92E_b2, x16: v_Su_var, x17: v_Targets, x18: v_Upd2, x19: v_Upd3","x2 = ( ( ( ( NOT x9 AND NOT x18 ) AND x19 ) OR ( NOT x9 AND x18 ) ) OR x9 )
x4 = ( ( ( ( ( ( ( ( NOT x2 AND x4 ) AND x5 ) OR ( ( ( x2 AND NOT x3 ) AND NOT x6 ) AND NOT x11 ) ) OR ( ( ( ( ( x2 AND NOT x3 ) AND NOT x6 ) AND x11 ) AND x4 ) AND x5 ) ) OR ( ( ( ( x2 AND NOT x3 ) AND x6 ) AND NOT x13 ) AND NOT x11 ) ) OR ( ( ( ( ( ( x2 AND NOT x3 ) AND x6 ) AND NOT x13 ) AND x11 ) AND x4 ) AND x5 ) ) OR ( ( ( x2 AND NOT x3 ) AND x6 ) AND x13 ) ) OR ( ( ( x2 AND x3 ) AND x4 ) AND x5 ) )
x5 = ( ( ( ( ( x2 AND NOT x3 ) AND x6 ) AND x13 ) AND NOT x11 ) AND x4 )
x11 = ( x14 AND x15 )
x14 = ( ( ( ( ( ( ( ( NOT x4 AND x14 ) AND x15 ) OR ( ( ( ( ( x4 AND NOT x12 ) AND NOT x10 ) AND NOT x1 ) AND NOT x7 ) AND NOT x16 ) ) OR ( ( ( ( ( ( ( x4 AND NOT x12 ) AND NOT x10 ) AND NOT x1 ) AND NOT x7 ) AND x16 ) AND x14 ) AND x15 ) ) OR ( ( ( ( ( ( x4 AND NOT x12 ) AND NOT x10 ) AND NOT x1 ) AND x7 ) AND x14 ) AND x15 ) ) OR ( ( ( ( ( x4 AND NOT x12 ) AND NOT x10 ) AND x1 ) AND x14 ) AND x15 ) ) OR ( ( ( ( x4 AND NOT x12 ) AND x10 ) AND x14 ) AND x15 ) ) OR ( ( ( x4 AND x12 ) AND x14 ) AND x15 ) )
x15 = ( ( ( ( ( ( ( x4 AND x5 ) AND NOT x12 ) AND NOT x10 ) AND NOT x1 ) AND NOT x7 ) AND NOT x16 ) AND x14 )
x17 = ( x14 AND NOT x8 )"
44,TUMOUR-CELL-INVASION-AND-MIGRATION-REDUCED,20,2,18,"x1: v_AKT1, x2: v_AKT2, x3: v_Apoptosis, x4: v_CCA, x5: v_DNAdamage, x6: v_ECMicroenv, x7: v_EMT, x8: v_EMTreg, x9: v_ERK_pthw, x10: v_Ecadh, x11: v_GF, x12: v_Invasion, x13: v_Metastasis, x14: v_Migration, x15: v_Notch_pthw, x16: v_TGFb_pthw, x17: v_WNT_pthw, x18: v_miRNA, x19: v_p53, x20: v_p63_73","x1 = ( ( ( ( ( ( ( ( ( ( NOT x11 AND NOT x16 ) AND NOT x15 ) AND x17 ) AND NOT x19 ) AND x8 ) AND NOT x18 ) AND NOT x10 ) OR ( ( ( ( ( ( NOT x11 AND NOT x16 ) AND x15 ) AND x17 ) AND NOT x19 ) AND NOT x18 ) AND NOT x10 ) ) OR ( ( ( ( ( NOT x11 AND x16 ) AND x17 ) AND NOT x19 ) AND NOT x18 ) AND NOT x10 ) ) OR ( ( ( ( x11 AND x17 ) AND NOT x19 ) AND NOT x18 ) AND NOT x10 ) )
x2 = ( ( NOT x19 AND x8 ) AND NOT x18 )
x3 = ( ( ( ( ( ( ( NOT x19 AND NOT x8 ) AND NOT x20 ) AND NOT x1 ) AND NOT x9 ) AND x18 ) OR ( ( ( ( NOT x19 AND NOT x8 ) AND x20 ) AND NOT x1 ) AND NOT x9 ) ) OR ( ( ( x19 AND NOT x8 ) AND NOT x1 ) AND NOT x9 ) )
x4 = ( ( ( ( ( ( ( ( ( ( ( ( ( ( ( ( ( ( ( ( ( ( ( ( ( ( NOT x16 AND NOT x19 ) AND NOT x8 ) AND NOT x20 ) AND NOT x1 ) AND NOT x2 ) AND x18 ) OR ( ( ( ( ( ( NOT x16 AND NOT x19 ) AND NOT x8 ) AND NOT x20 ) AND NOT x1 ) AND x2 ) AND NOT x9 ) ) OR ( ( ( ( ( ( ( NOT x16 AND NOT x19 ) AND NOT x8 ) AND NOT x20 ) AND NOT x1 ) AND x2 ) AND x9 ) AND x18 ) ) OR ( ( ( ( ( NOT x16 AND NOT x19 ) AND NOT x8 ) AND x20 ) AND NOT x1 ) AND NOT x9 ) ) OR ( ( ( ( ( ( NOT x16 AND NOT x19 ) AND NOT x8 ) AND x20 ) AND NOT x1 ) AND x9 ) AND x18 ) ) OR ( ( ( NOT x16 AND NOT x19 ) AND x8 ) AND NOT x1 ) ) OR ( ( ( ( NOT x16 AND x19 ) AND NOT x8 ) AND NOT x1 ) AND NOT x9 ) ) OR ( ( ( ( ( NOT x16 AND x19 ) AND NOT x8 ) AND NOT x1 ) AND x9 ) AND x18 ) ) OR ( ( ( NOT x16 AND x19 ) AND x8 ) AND NOT x1 ) ) OR ( ( ( ( ( ( ( x16 AND NOT x15 ) AND NOT x19 ) AND NOT x8 ) AND NOT x20 ) AND NOT x1 ) AND NOT x2 ) AND x18 ) ) OR ( ( ( ( ( ( ( x16 AND NOT x15 ) AND NOT x19 ) AND NOT x8 ) AND NOT x20 ) AND NOT x1 ) AND x2 ) AND NOT x9 ) ) OR ( ( ( ( ( ( ( ( x16 AND NOT x15 ) AND NOT x19 ) AND NOT x8 ) AND NOT x20 ) AND NOT x1 ) AND x2 ) AND x9 ) AND x18 ) ) OR ( ( ( ( ( ( x16 AND NOT x15 ) AND NOT x19 ) AND NOT x8 ) AND x20 ) AND NOT x1 ) AND NOT x9 ) ) OR ( ( ( ( ( ( ( x16 AND NOT x15 ) AND NOT x19 ) AND NOT x8 ) AND x20 ) AND NOT x1 ) AND x9 ) AND x18 ) ) OR ( ( ( ( x16 AND NOT x15 ) AND NOT x19 ) AND x8 ) AND NOT x1 ) ) OR ( ( ( ( ( x16 AND NOT x15 ) AND x19 ) AND NOT x8 ) AND NOT x1 ) AND NOT x9 ) ) OR ( ( ( ( ( ( x16 AND NOT x15 ) AND x19 ) AND NOT x8 ) AND NOT x1 ) AND x9 ) AND x18 ) ) OR ( ( ( ( x16 AND NOT x15 ) AND x19 ) AND x8 ) AND NOT x1 ) ) OR ( ( ( ( x16 AND x15 ) AND NOT x8 ) AND NOT x1 ) AND NOT x9 ) ) OR ( ( ( ( ( x16 AND x15 ) AND NOT x8 ) AND NOT x1 ) AND x9 ) AND x18 ) ) OR ( ( ( x16 AND x15 ) AND x8 ) AND NOT x1 ) )
x7 = ( x8 AND NOT x10 )
x8 = ( ( ( ( ( ( NOT x15 AND NOT x17 ) AND NOT x19 ) AND x8 ) AND NOT x18 ) OR ( ( ( NOT x15 AND x17 ) AND NOT x19 ) AND NOT x18 ) ) OR ( ( x15 AND NOT x19 ) AND NOT x18 ) )
x9 = ( ( ( ( ( ( ( NOT x11 AND NOT x16 ) AND NOT x15 ) AND x8 ) AND NOT x1 ) OR ( ( ( NOT x11 AND NOT x16 ) AND x15 ) AND NOT x1 ) ) OR ( ( NOT x11 AND x16 ) AND NOT x1 ) ) OR ( x11 AND NOT x1 ) )
x10 = ( NOT x8 AND NOT x2 )
x11 = ( ( ( NOT x11 AND x8 ) AND NOT x10 ) OR ( x11 AND NOT x10 ) )
x12 = ( ( ( NOT x16 AND x17 ) OR ( ( x16 AND NOT x17 ) AND x8 ) ) OR ( x16 AND x17 ) )
x13 = x14
x14 = ( ( ( ( ( ( x12 AND x7 ) AND NOT x20 ) AND NOT x1 ) AND x2 ) AND x9 ) AND NOT x18 )
x15 = ( ( ( x6 AND NOT x19 ) AND NOT x20 ) AND NOT x18 )
x16 = ( ( ( ( NOT x6 AND x15 ) AND NOT x17 ) AND NOT x18 ) OR ( ( x6 AND NOT x17 ) AND NOT x18 ) )
x17 = ( ( ( ( ( ( ( NOT x15 AND NOT x17 ) AND NOT x19 ) AND NOT x8 ) AND NOT x20 ) AND NOT x1 ) AND NOT x18 ) AND NOT x10 )
x18 = ( ( ( ( ( NOT x19 AND NOT x8 ) AND x20 ) AND NOT x1 ) AND NOT x2 ) OR ( ( ( x19 AND NOT x8 ) AND NOT x1 ) AND NOT x2 ) )
x19 = ( ( ( ( ( ( ( ( NOT x5 AND NOT x15 ) AND x17 ) AND NOT x8 ) AND NOT x20 ) AND NOT x1 ) AND NOT x2 ) OR ( ( ( ( ( NOT x5 AND x15 ) AND NOT x8 ) AND NOT x20 ) AND NOT x1 ) AND NOT x2 ) ) OR ( ( ( ( x5 AND NOT x8 ) AND NOT x20 ) AND NOT x1 ) AND NOT x2 ) )
x20 = ( ( ( ( ( x5 AND NOT x15 ) AND NOT x19 ) AND NOT x8 ) AND NOT x1 ) AND NOT x2 )"
45,P53-MDM2-NETWORK,6,1,5,"x1: v_DNAdam, x2: v_Mdm2cyt_b1, x3: v_Mdm2cyt_b2, x4: v_Mdm2nuc, x5: v_p53_b1, x6: v_p53_b2","x1 = ( ( NOT x5 AND x1 ) OR ( ( x5 AND NOT x6 ) AND x1 ) )
x3 = ( ( x5 AND x6 ) AND x2 )
x4 = ( ( ( ( ( NOT x5 AND x2 ) AND NOT x3 ) AND NOT x1 ) OR ( ( NOT x5 AND x2 ) AND x3 ) ) OR ( ( x5 AND x2 ) AND x3 ) )
x5 = ( ( ( NOT x5 AND NOT x4 ) OR ( ( x5 AND NOT x6 ) AND NOT x4 ) ) OR ( x5 AND x6 ) )
x6 = ( x5 AND NOT x4 )"
46,DROSOPHILA-GAP-A,7,2,5,"x1: v_Gt, x2: v_Hb_b1, x3: v_Hb_b2, x4: v_Hb_b3, x5: v_Kni, x6: v_Kr_b1, x7: v_Kr_b2","x1 = NOT x6
x3 = x2
x4 = ( x2 AND x3 )
x6 = ( ( ( ( ( ( ( ( ( ( ( ( ( ( NOT x1 AND NOT x2 ) AND x6 ) AND x7 ) OR ( ( NOT x1 AND x2 ) AND NOT x3 ) ) OR ( ( ( NOT x1 AND x2 ) AND x3 ) AND NOT x4 ) ) OR ( ( ( ( ( NOT x1 AND x2 ) AND x3 ) AND x4 ) AND x6 ) AND x7 ) ) OR ( ( ( x1 AND NOT x2 ) AND x6 ) AND x7 ) ) OR ( ( ( ( x1 AND x2 ) AND NOT x3 ) AND NOT x6 ) AND NOT x5 ) ) OR ( ( ( ( ( x1 AND x2 ) AND NOT x3 ) AND x6 ) AND NOT x7 ) AND NOT x5 ) ) OR ( ( ( ( x1 AND x2 ) AND NOT x3 ) AND x6 ) AND x7 ) ) OR ( ( ( ( ( x1 AND x2 ) AND x3 ) AND NOT x4 ) AND NOT x6 ) AND NOT x5 ) ) OR ( ( ( ( ( ( x1 AND x2 ) AND x3 ) AND NOT x4 ) AND x6 ) AND NOT x7 ) AND NOT x5 ) ) OR ( ( ( ( ( x1 AND x2 ) AND x3 ) AND NOT x4 ) AND x6 ) AND x7 ) ) OR ( ( ( ( ( x1 AND x2 ) AND x3 ) AND x4 ) AND x6 ) AND x7 ) )
x7 = ( ( ( ( ( NOT x1 AND x2 ) AND NOT x3 ) AND x6 ) AND NOT x5 ) OR ( ( ( ( ( NOT x1 AND x2 ) AND x3 ) AND NOT x4 ) AND x6 ) AND NOT x5 ) )"
47,TOLL-PATHWAY-OF-DROSOPHILA,11,2,9,"x1: v_Cactus, x2: v_Dif, x3: v_Dorsal, x4: v_MyD88, x5: v_Nec, x6: v_Pelle, x7: v_Slmb, x8: v_Spz, x9: v_Targets, x10: v_Toll, x11: v_Tube","x1 = NOT ( x6 AND x7 )
x2 = NOT x1
x3 = NOT x1
x4 = x10
x6 = x11
x8 = NOT x5
x9 = ( x3 OR x2 )
x10 = x8
x11 = x4"
48,SEGMENT-POLARITY-1-CELL,19,2,17,"x1: v_Ci1, x2: v_Ciact_b1, x3: v_Ciact_b2, x4: v_Cirep, x5: v_Dsh, x6: v_En, x7: v_Fz, x8: v_Hh, x9: v_Hh_ext, x10: v_Nkd_b1, x11: v_Nkd_b2, x12: v_Pka_b1, x13: v_Pka_b2, x14: v_Ptc_b1, x15: v_Ptc_b2, x16: v_Slp, x17: v_Wg_b1, x18: v_Wg_b2, x19: v_Wg_ext","x1 = NOT x6
x2 = ( ( ( ( ( ( ( ( NOT x5 AND NOT x1 ) AND x2 ) AND x3 ) OR ( ( ( NOT x5 AND x1 ) AND NOT x2 ) AND NOT x12 ) ) OR ( ( ( ( NOT x5 AND x1 ) AND x2 ) AND NOT x3 ) AND NOT x12 ) ) OR ( ( ( NOT x5 AND x1 ) AND x2 ) AND x3 ) ) OR ( ( ( x5 AND NOT x1 ) AND x2 ) AND x3 ) ) OR ( x5 AND x1 ) )
x3 = ( ( ( x5 AND x1 ) AND x2 ) AND NOT x12 )
x4 = ( ( ( NOT x5 AND x1 ) AND x12 ) AND x13 )
x5 = x7
x6 = ( x5 AND NOT x16 )
x7 = ( ( NOT x17 AND x19 ) OR x17 )
x8 = ( x6 AND NOT x4 )
x10 = ( ( ( NOT x10 AND NOT x6 ) OR ( ( x10 AND NOT x11 ) AND NOT x6 ) ) OR ( x10 AND x11 ) )
x11 = ( ( x5 AND x10 ) AND NOT x6 )
x12 = ( ( ( NOT x12 AND x14 ) OR ( ( x12 AND NOT x13 ) AND x14 ) ) OR ( x12 AND x13 ) )
x13 = ( x12 AND x14 )
x14 = ( ( ( ( ( NOT x6 AND NOT x14 ) AND NOT x9 ) OR ( ( ( NOT x6 AND x14 ) AND NOT x15 ) AND NOT x9 ) ) OR ( ( NOT x6 AND x14 ) AND x15 ) ) OR ( ( x6 AND x14 ) AND x15 ) )
x15 = ( ( ( NOT x6 AND x2 ) AND x14 ) AND NOT x9 )
x16 = ( x5 AND NOT x6 )
x17 = ( ( ( ( ( ( ( ( ( ( NOT x17 AND x16 ) AND NOT x10 ) AND NOT x6 ) AND x2 ) OR ( ( ( ( ( NOT x17 AND x16 ) AND x10 ) AND NOT x11 ) AND NOT x6 ) AND x2 ) ) OR ( ( ( ( ( ( NOT x17 AND x16 ) AND x10 ) AND x11 ) AND NOT x6 ) AND x2 ) AND x3 ) ) OR ( ( ( ( ( x17 AND NOT x18 ) AND x16 ) AND NOT x10 ) AND NOT x6 ) AND x2 ) ) OR ( ( ( ( ( ( x17 AND NOT x18 ) AND x16 ) AND x10 ) AND NOT x11 ) AND NOT x6 ) AND x2 ) ) OR ( ( ( ( ( ( ( x17 AND NOT x18 ) AND x16 ) AND x10 ) AND x11 ) AND NOT x6 ) AND x2 ) AND x3 ) ) OR ( x17 AND x18 ) )
x18 = ( ( ( ( x17 AND x16 ) AND NOT x6 ) AND x2 ) AND x3 )"
49,BT474-BREAST-CELL-LINE-SHORT-TERM,16,5,11,"x1: v_AKT, x2: v_EGF, x3: v_ERBB1, x4: v_ERBB2, x5: v_ERBB3, x6: v_ERK1_2, x7: v_HRG, x8: v_MEK1_2, x9: v_PDK1, x10: v_PKCa, x11: v_PLCg, x12: v_erlotinib, x13: v_mTOR, x14: v_p70S6K, x15: v_pertuzumab, x16: v_trastuzumab","x1 = ( ( ( x5 OR x9 ) OR x13 ) OR x1 )
x3 = ( ( ( x3 AND NOT ( x12 OR x15 ) ) OR ( x2 AND NOT ( x12 OR x15 ) ) ) OR ( x11 AND NOT ( x12 OR x15 ) ) )
x4 = ( ( ( x5 AND NOT ( ( x12 OR x16 ) OR x15 ) ) OR ( x4 AND NOT ( ( x12 OR x16 ) OR x15 ) ) ) OR ( x2 AND NOT ( ( x12 OR x16 ) OR x15 ) ) )
x5 = ( ( x7 AND NOT ( ( x15 OR x15 ) OR x12 ) ) OR ( x5 AND NOT ( ( x15 OR x15 ) OR x12 ) ) )
x6 = ( ( ( x8 OR x6 ) OR x15 ) OR x2 )
x8 = ( ( ( x5 OR x3 ) OR x8 ) OR x4 )
x9 = ( ( ( ( x3 OR x9 ) OR x5 ) OR x8 ) OR x4 )
x10 = ( x11 OR x10 )
x11 = ( ( ( ( x3 OR x11 ) OR x4 ) OR x5 ) OR x2 )
x13 = ( ( x1 OR x13 ) OR x15 )
x14 = ( ( ( x14 OR x1 ) OR x6 ) OR x13 )"
50,PAIR-RULE-MODULE,11,0,11,"x1: v_Eve_b1, x2: v_Eve_b2, x3: v_Eve_b3, x4: v_Ftz_b1, x5: v_Ftz_b2, x6: v_Odd, x7: v_Ppa, x8: v_Prd_b1, x9: v_Prd_b2, x10: v_Run, x11: v_Slp","x1 = ( ( ( ( ( ( NOT x1 AND x8 ) AND NOT x11 ) AND NOT x6 ) OR ( ( ( x1 AND NOT x2 ) AND NOT x10 ) AND NOT x11 ) ) OR ( ( ( ( x1 AND NOT x2 ) AND x10 ) AND NOT x11 ) AND NOT x6 ) ) OR ( x1 AND x2 ) )
x2 = ( ( ( ( ( ( ( x1 AND NOT x2 ) AND x8 ) AND NOT x10 ) AND NOT x11 ) AND NOT x6 ) OR ( ( ( ( ( ( x1 AND x2 ) AND NOT x3 ) AND x8 ) AND NOT x10 ) AND NOT x11 ) AND NOT x6 ) ) OR ( ( x1 AND x2 ) AND x3 ) )
x3 = ( ( ( ( ( x1 AND x2 ) AND x8 ) AND NOT x10 ) AND NOT x11 ) AND NOT x6 )
x4 = ( ( ( ( ( ( ( ( ( ( ( NOT x1 AND NOT x11 ) AND NOT x4 ) AND NOT x6 ) OR ( ( ( ( NOT x1 AND NOT x11 ) AND x4 ) AND NOT x5 ) AND NOT x6 ) ) OR ( ( ( NOT x1 AND NOT x11 ) AND x4 ) AND x5 ) ) OR ( ( ( NOT x1 AND x11 ) AND x4 ) AND x5 ) ) OR ( ( ( ( x1 AND NOT x2 ) AND NOT x11 ) AND NOT x4 ) AND NOT x6 ) ) OR ( ( ( ( ( x1 AND NOT x2 ) AND NOT x11 ) AND x4 ) AND NOT x5 ) AND NOT x6 ) ) OR ( ( ( ( x1 AND NOT x2 ) AND NOT x11 ) AND x4 ) AND x5 ) ) OR ( ( ( ( x1 AND NOT x2 ) AND x11 ) AND x4 ) AND x5 ) ) OR ( ( ( x1 AND x2 ) AND x4 ) AND x5 ) )
x5 = ( ( ( ( NOT x1 AND NOT x11 ) AND x4 ) AND NOT x6 ) OR ( ( ( ( x1 AND NOT x2 ) AND NOT x11 ) AND x4 ) AND NOT x6 ) )
x6 = ( NOT x1 AND NOT x8 )
x7 = ( NOT x1 OR ( x1 AND NOT x2 ) )
x8 = ( ( ( NOT x8 AND NOT x6 ) OR ( ( x8 AND NOT x9 ) AND NOT x6 ) ) OR ( x8 AND x9 ) )
x9 = ( ( x8 AND NOT x7 ) AND NOT x6 )
x10 = ( ( ( NOT x1 AND x8 ) AND NOT x6 ) OR ( ( ( x1 AND NOT x2 ) AND x8 ) AND NOT x6 ) )
x11 = ( ( ( NOT x1 AND NOT x4 ) AND NOT x6 ) OR ( ( ( x1 AND NOT x2 ) AND NOT x4 ) AND NOT x6 ) )"
51,BUDDING-YEAST-CELL-CYCLE,20,4,16,"x1: v_BuddingCP, x2: v_Cdc14, x3: v_Cdc20, x4: v_Cdh1, x5: v_Clb2, x6: v_Clb5, x7: v_Cln2, x8: v_Cln3, x9: v_FEAR, x10: v_MEN, x11: v_SFF, x12: v_SMBF, x13: v_Sic1, x14: v_Size, x15: v_SpindleCP, x16: v_Start, x17: v_Swe1, x18: v_Swi5, x19: v_Whi5, x20: v_Yhp1","x2 = ( x10 AND x9 )
x3 = ( x15 AND ( x5 AND x11 ) )
x4 = ( x2 OR NOT ( ( ( x6 OR x2 ) OR x5 ) OR x7 ) )
x5 = ( ( x11 AND NOT ( ( ( x4 AND x3 ) OR ( x3 AND x4 ) ) OR x17 ) ) OR NOT ( ( ( ( x17 OR x11 ) OR x4 ) OR x3 ) OR x13 ) )
x6 = ( x12 AND NOT ( x13 OR x3 ) )
x7 = ( x12 AND x16 )
x8 = ( x14 AND NOT x20 )
x9 = x3
x10 = ( x9 AND x5 )
x11 = x5
x12 = ( NOT ( x5 OR x19 ) OR NOT ( x19 OR x5 ) )
x13 = ( ( ( x18 AND NOT ( ( ( x6 AND NOT x2 ) OR ( x5 AND NOT x2 ) ) OR ( x7 AND NOT x2 ) ) ) OR ( x13 AND NOT ( ( ( x6 AND NOT x2 ) OR ( x5 AND NOT x2 ) ) OR ( x7 AND NOT x2 ) ) ) ) OR NOT ( ( ( ( ( x18 OR x6 ) OR x2 ) OR x5 ) OR x7 ) OR x13 ) )
x17 = ( NOT x1 OR NOT x1 )
x18 = ( ( x2 AND ( x11 AND NOT x18 ) ) AND NOT x5 )
x19 = ( NOT ( ( x7 AND x16 ) OR ( x8 AND x16 ) ) OR NOT ( ( x16 OR x8 ) OR x7 ) )
x20 = x12"
52,AGS-CELL-FATE-DECISION-REDUCED,14,2,12,"x1: v_AKT, x2: v_Antisurvival_b1, x3: v_Antisurvival_b2, x4: v_Antisurvival_b3, x5: v_ERK, x6: v_GSK3, x7: v_MEK, x8: v_PI3K, x9: v_Prosurvival_b1, x10: v_Prosurvival_b2, x11: v_Prosurvival_b3, x12: v_TAK1, x13: v_betacatenin, x14: v_p38alpha","x1 = ( ( ( ( ( ( ( ( ( ( ( NOT x5 AND NOT x12 ) AND NOT x1 ) AND NOT x8 ) AND x6 ) OR ( ( ( NOT x5 AND NOT x12 ) AND NOT x1 ) AND x8 ) ) OR ( ( ( NOT x5 AND NOT x12 ) AND x1 ) AND x8 ) ) OR ( ( ( ( NOT x5 AND x12 ) AND x8 ) AND NOT x6 ) AND x13 ) ) OR ( ( ( NOT x5 AND x12 ) AND x8 ) AND x6 ) ) OR ( ( x5 AND NOT x12 ) AND x8 ) ) OR ( ( ( ( x5 AND x12 ) AND x8 ) AND NOT x6 ) AND x13 ) ) OR ( ( ( x5 AND x12 ) AND x8 ) AND x6 ) )
x2 = ( ( ( ( ( NOT x5 AND NOT x14 ) OR ( ( NOT x5 AND x14 ) AND NOT x1 ) ) OR ( ( ( ( NOT x5 AND x14 ) AND x1 ) AND x2 ) AND x3 ) ) OR ( x5 AND NOT x1 ) ) OR ( ( ( x5 AND x1 ) AND x2 ) AND x3 ) )
x3 = ( ( ( ( ( ( ( ( ( ( ( ( ( NOT x5 AND NOT x12 ) AND NOT x1 ) AND x2 ) OR ( ( ( ( ( NOT x5 AND NOT x12 ) AND x1 ) AND x2 ) AND x3 ) AND x4 ) ) OR ( ( ( ( ( NOT x5 AND x12 ) AND NOT x14 ) AND x2 ) AND x3 ) AND x4 ) ) OR ( ( ( ( ( ( ( NOT x5 AND x12 ) AND x14 ) AND NOT x1 ) AND NOT x8 ) AND x2 ) AND x3 ) AND x4 ) ) OR ( ( ( ( ( ( ( ( ( NOT x5 AND x12 ) AND x14 ) AND NOT x1 ) AND x8 ) AND NOT x6 ) AND NOT x13 ) AND x2 ) AND x3 ) AND x4 ) ) OR ( ( ( ( ( ( ( NOT x5 AND x12 ) AND x14 ) AND NOT x1 ) AND x8 ) AND NOT x6 ) AND x13 ) AND x2 ) ) OR ( ( ( ( ( ( NOT x5 AND x12 ) AND x14 ) AND NOT x1 ) AND x8 ) AND x6 ) AND x2 ) ) OR ( ( ( ( ( ( NOT x5 AND x12 ) AND x14 ) AND x1 ) AND x2 ) AND x3 ) AND x4 ) ) OR ( ( ( x5 AND NOT x12 ) AND NOT x1 ) AND x2 ) ) OR ( ( ( ( ( x5 AND NOT x12 ) AND x1 ) AND x2 ) AND x3 ) AND x4 ) ) OR ( ( ( ( x5 AND x12 ) AND x2 ) AND x3 ) AND x4 ) )
x4 = ( ( ( ( ( ( NOT x5 AND NOT x12 ) AND x14 ) AND NOT x1 ) AND x8 ) AND x2 ) AND x3 )
x5 = ( ( ( NOT x7 AND NOT x5 ) AND NOT x1 ) OR x7 )
x7 = ( ( ( ( ( NOT x5 OR ( x5 AND NOT x12 ) ) OR ( ( x5 AND x12 ) AND NOT x14 ) ) OR ( ( ( x5 AND x12 ) AND x14 ) AND NOT x1 ) ) OR ( ( ( ( ( x5 AND x12 ) AND x14 ) AND x1 ) AND NOT x6 ) AND x13 ) ) OR ( ( ( ( x5 AND x12 ) AND x14 ) AND x1 ) AND x6 ) )
x8 = ( ( ( NOT x5 OR ( x5 AND NOT x12 ) ) OR ( ( ( x5 AND x12 ) AND NOT x6 ) AND x13 ) ) OR ( ( x5 AND x12 ) AND x6 ) )
x9 = ( ( ( ( ( ( ( ( ( NOT x5 AND NOT x12 ) OR ( ( ( ( NOT x5 AND x12 ) AND NOT x13 ) AND x9 ) AND x10 ) ) OR ( ( NOT x5 AND x12 ) AND x13 ) ) OR ( x5 AND NOT x12 ) ) OR ( ( ( ( ( x5 AND x12 ) AND NOT x8 ) AND NOT x13 ) AND x9 ) AND x10 ) ) OR ( ( ( x5 AND x12 ) AND NOT x8 ) AND x13 ) ) OR ( ( ( ( ( ( x5 AND x12 ) AND x8 ) AND NOT x6 ) AND NOT x13 ) AND x9 ) AND x10 ) ) OR ( ( ( ( x5 AND x12 ) AND x8 ) AND NOT x6 ) AND x13 ) ) OR ( ( ( x5 AND x12 ) AND x8 ) AND x6 ) )
x10 = ( ( ( NOT x12 AND x9 ) OR ( ( ( ( x12 AND NOT x13 ) AND x9 ) AND x10 ) AND x11 ) ) OR ( ( x12 AND x13 ) AND x9 ) )
x11 = ( ( ( ( ( x5 AND NOT x12 ) AND x8 ) AND x9 ) AND x10 ) OR ( ( ( ( ( x5 AND x12 ) AND x8 ) AND x13 ) AND x9 ) AND x10 ) )
x12 = NOT x14
x14 = ( NOT x5 AND NOT x14 )"
53,HEMATOPOIESIS-AGING,15,0,15,"x1: v_Bclaf1, x2: v_CDK46CycD, x3: v_CIPKIP, x4: v_Cebpa, x5: v_Egr1, x6: v_Fli1, x7: v_Gata1, x8: v_Gata2, x9: v_Ikzf1, x10: v_Junb, x11: v_Klf1, x12: v_Myc, x13: v_Spi1, x14: v_Tal1, x15: v_Zfpm1","x1 = x12
x2 = ( x1 OR x12 )
x3 = x10
x4 = ( ( x8 AND NOT x9 ) OR ( x13 AND NOT x9 ) )
x5 = ( x8 AND x10 )
x6 = ( x10 OR ( x7 AND NOT x11 ) )
x7 = ( x6 OR ( ( x8 AND NOT x13 ) OR ( x7 AND ( NOT x9 AND NOT x13 ) ) ) )
x8 = ( ( x8 AND ( NOT x7 AND NOT x15 ) ) OR ( x5 AND ( NOT x7 AND ( NOT x15 AND NOT x13 ) ) ) )
x9 = x8
x10 = ( x5 OR x12 )
x11 = ( x7 AND NOT x6 )
x12 = ( x4 AND x1 )
x13 = ( ( x13 AND NOT x7 ) OR ( x4 AND ( NOT x7 AND NOT x8 ) ) )
x14 = ( x7 AND NOT x13 )
x15 = x7"
54,BOOLEAN-CELL-CYCLE,14,2,12,"x1: v_Cdc20, x2: v_Cdh1, x3: v_CycA, x4: v_CycB, x5: v_CycD, x6: v_CycE, x7: v_E2F, x8: v_Rb1, x9: v_Rb2, x10: v_Skp2, x11: v_UbcH10, x12: v_p27_1_b1, x13: v_p27_1_b2, x14: v_p27_2","x1 = x4
x2 = ( ( ( ( NOT x3 AND NOT x4 ) OR ( ( NOT x3 AND x4 ) AND x12 ) ) OR ( ( x3 AND x12 ) AND NOT x10 ) ) OR ( ( ( x3 AND x12 ) AND x10 ) AND x14 ) )
x3 = ( ( ( ( ( ( ( ( ( ( ( NOT x7 AND x3 ) AND NOT x1 ) AND NOT x2 ) OR ( ( ( ( NOT x7 AND x3 ) AND NOT x1 ) AND x2 ) AND NOT x11 ) ) OR ( ( ( NOT x7 AND x3 ) AND x1 ) AND NOT x11 ) ) OR ( ( ( ( x7 AND NOT x3 ) AND NOT x1 ) AND NOT x2 ) AND NOT x8 ) ) OR ( ( ( ( ( x7 AND NOT x3 ) AND NOT x1 ) AND x2 ) AND NOT x11 ) AND NOT x8 ) ) OR ( ( ( ( x7 AND NOT x3 ) AND x1 ) AND NOT x11 ) AND NOT x8 ) ) OR ( ( ( x7 AND x3 ) AND NOT x1 ) AND NOT x2 ) ) OR ( ( ( ( x7 AND x3 ) AND NOT x1 ) AND x2 ) AND NOT x11 ) ) OR ( ( ( x7 AND x3 ) AND x1 ) AND NOT x11 ) )
x4 = ( ( NOT x1 AND NOT x2 ) OR ( ( x1 AND NOT x2 ) AND NOT x11 ) )
x6 = ( ( NOT x9 AND x7 ) OR ( ( x9 AND x7 ) AND NOT x8 ) )
x7 = ( ( ( ( ( ( ( ( ( ( ( ( ( NOT x9 AND NOT x3 ) AND NOT x4 ) OR ( ( ( NOT x9 AND NOT x3 ) AND x4 ) AND NOT x1 ) ) OR ( ( ( NOT x9 AND x3 ) AND NOT x4 ) AND NOT x10 ) ) OR ( ( ( ( NOT x9 AND x3 ) AND NOT x4 ) AND x10 ) AND x14 ) ) OR ( ( ( ( NOT x9 AND x3 ) AND x4 ) AND NOT x1 ) AND NOT x10 ) ) OR ( ( ( ( ( NOT x9 AND x3 ) AND x4 ) AND NOT x1 ) AND x10 ) AND x14 ) ) OR ( ( ( x9 AND NOT x3 ) AND NOT x4 ) AND NOT x8 ) ) OR ( ( ( ( x9 AND NOT x3 ) AND x4 ) AND NOT x1 ) AND NOT x8 ) ) OR ( ( ( ( x9 AND x3 ) AND NOT x4 ) AND NOT x10 ) AND NOT x8 ) ) OR ( ( ( ( ( x9 AND x3 ) AND NOT x4 ) AND x10 ) AND NOT x8 ) AND x14 ) ) OR ( ( ( ( ( x9 AND x3 ) AND x4 ) AND NOT x1 ) AND NOT x10 ) AND NOT x8 ) ) OR ( ( ( ( ( ( x9 AND x3 ) AND x4 ) AND NOT x1 ) AND x10 ) AND NOT x8 ) AND x14 ) )
x8 = ( ( ( ( ( ( ( NOT x9 AND NOT x6 ) AND NOT x3 ) AND NOT x4 ) OR ( ( ( ( NOT x9 AND NOT x6 ) AND NOT x3 ) AND x4 ) AND x12 ) ) OR ( ( ( NOT x9 AND NOT x6 ) AND x3 ) AND x12 ) ) OR ( ( NOT x9 AND x6 ) AND x12 ) ) OR x9 )
x9 = ( ( ( ( ( ( ( ( NOT x5 AND NOT x6 ) AND NOT x3 ) AND NOT x4 ) AND x8 ) OR ( ( ( ( ( NOT x5 AND NOT x6 ) AND NOT x3 ) AND x4 ) AND x12 ) AND x8 ) ) OR ( ( ( ( NOT x5 AND NOT x6 ) AND x3 ) AND x12 ) AND x8 ) ) OR ( ( ( ( NOT x5 AND x6 ) AND NOT x3 ) AND x12 ) AND x8 ) ) OR ( ( ( ( ( NOT x5 AND x6 ) AND x3 ) AND NOT x4 ) AND x12 ) AND x8 ) )
x10 = ( ( NOT x9 OR ( x9 AND NOT x2 ) ) OR ( ( x9 AND x2 ) AND NOT x8 ) )
x11 = ( ( ( ( ( ( ( ( ( NOT x3 AND NOT x4 ) AND NOT x1 ) AND NOT x2 ) OR ( ( ( NOT x3 AND NOT x4 ) AND x1 ) AND NOT x2 ) ) OR ( ( ( ( NOT x3 AND NOT x4 ) AND x1 ) AND x2 ) AND x11 ) ) OR ( ( NOT x3 AND x4 ) AND NOT x2 ) ) OR ( ( ( NOT x3 AND x4 ) AND x2 ) AND x11 ) ) OR ( x3 AND NOT x2 ) ) OR ( ( x3 AND x2 ) AND x11 ) )
x12 = ( ( ( ( ( ( ( ( ( ( ( ( ( ( ( ( ( ( ( ( ( ( ( NOT x5 AND NOT x12 ) AND x14 ) OR ( ( ( NOT x5 AND x12 ) AND NOT x13 ) AND x14 ) ) OR ( ( NOT x5 AND x12 ) AND x13 ) ) OR ( ( ( x5 AND NOT x6 ) AND NOT x3 ) AND NOT x4 ) ) OR ( ( ( ( ( x5 AND NOT x6 ) AND NOT x3 ) AND x4 ) AND NOT x12 ) AND NOT x10 ) ) OR ( ( ( ( ( ( x5 AND NOT x6 ) AND NOT x3 ) AND x4 ) AND NOT x12 ) AND x10 ) AND x14 ) ) OR ( ( ( ( ( ( x5 AND NOT x6 ) AND NOT x3 ) AND x4 ) AND x12 ) AND NOT x13 ) AND NOT x10 ) ) OR ( ( ( ( ( ( ( x5 AND NOT x6 ) AND NOT x3 ) AND x4 ) AND x12 ) AND NOT x13 ) AND x10 ) AND x14 ) ) OR ( ( ( ( ( x5 AND NOT x6 ) AND NOT x3 ) AND x4 ) AND x12 ) AND x13 ) ) OR ( ( ( ( ( x5 AND NOT x6 ) AND x3 ) AND NOT x4 ) AND NOT x12 ) AND NOT x10 ) ) OR ( ( ( ( ( ( x5 AND NOT x6 ) AND x3 ) AND NOT x4 ) AND NOT x12 ) AND x10 ) AND x14 ) ) OR ( ( ( ( x5 AND NOT x6 ) AND x3 ) AND NOT x4 ) AND x12 ) ) OR ( ( ( ( ( x5 AND NOT x6 ) AND x3 ) AND x4 ) AND NOT x12 ) AND NOT x10 ) ) OR ( ( ( ( ( ( x5 AND NOT x6 ) AND x3 ) AND x4 ) AND NOT x12 ) AND x10 ) AND x14 ) ) OR ( ( ( ( ( ( x5 AND NOT x6 ) AND x3 ) AND x4 ) AND x12 ) AND NOT x13 ) AND NOT x10 ) ) OR ( ( ( ( ( ( ( x5 AND NOT x6 ) AND x3 ) AND x4 ) AND x12 ) AND NOT x13 ) AND x10 ) AND x14 ) ) OR ( ( ( ( ( x5 AND NOT x6 ) AND x3 ) AND x4 ) AND x12 ) AND x13 ) ) OR ( ( ( x5 AND x6 ) AND NOT x12 ) AND NOT x10 ) ) OR ( ( ( ( x5 AND x6 ) AND NOT x12 ) AND x10 ) AND x14 ) ) OR ( ( ( ( x5 AND x6 ) AND x12 ) AND NOT x13 ) AND NOT x10 ) ) OR ( ( ( ( ( x5 AND x6 ) AND x12 ) AND NOT x13 ) AND x10 ) AND x14 ) ) OR ( ( ( x5 AND x6 ) AND x12 ) AND x13 ) )
x14 = ( ( ( ( ( ( ( ( NOT x5 AND NOT x6 ) AND NOT x4 ) AND x12 ) OR ( ( ( ( NOT x5 AND NOT x6 ) AND x4 ) AND x12 ) AND NOT x10 ) ) OR ( ( ( ( ( NOT x5 AND x6 ) AND NOT x3 ) AND NOT x4 ) AND x12 ) AND NOT x10 ) ) OR ( ( ( ( ( ( NOT x5 AND x6 ) AND NOT x3 ) AND NOT x4 ) AND x12 ) AND x10 ) AND x14 ) ) OR ( ( ( ( ( NOT x5 AND x6 ) AND NOT x3 ) AND x4 ) AND x12 ) AND NOT x10 ) ) OR ( ( ( ( NOT x5 AND x6 ) AND x3 ) AND x12 ) AND NOT x10 ) )"
55,CELL-CYCLE-TRANSCRIPTION,9,0,9,"x1: v_ACE2, x2: v_CLN3, x3: v_HCM1, x4: v_MBF, x5: v_SBF, x6: v_SFF, x7: v_SWI5, x8: v_YHP1, x9: v_YOX1","x1 = x6
x2 = ( ( x7 AND x1 ) AND NOT ( x9 OR x8 ) )
x3 = ( x4 AND x5 )
x4 = x2
x5 = ( ( x4 AND NOT ( x8 OR x9 ) ) OR ( x2 AND NOT ( x8 OR x9 ) ) )
x6 = ( x5 AND x3 )
x7 = x6
x8 = ( x5 OR x4 )
x9 = ( x4 AND x5 )"
56,ARABIDOPSIS-THALIANA-CELL-CYCLE,14,0,14,"x1: v_APC_C, x2: v_CDKB1_1, x3: v_CYCA2_3, x4: v_CYCB1_1, x5: v_CYCD3_1, x6: v_E2Fa, x7: v_E2Fb, x8: v_E2Fc, x9: v_E2Fe, x10: v_KRP1, x11: v_MYB3R1_4, x12: v_MYB77, x13: v_RBR, x14: v_SCF","x1 = ( ( ( x12 AND NOT x9 ) OR ( x11 AND NOT x9 ) ) OR ( x6 AND NOT ( x9 OR x13 ) ) )
x2 = ( ( x12 OR ( ( x7 AND ( NOT x13 OR ( x5 AND NOT x10 ) ) ) AND NOT x8 ) ) OR x11 )
x3 = ( ( x11 AND NOT x1 ) OR ( x12 AND NOT x1 ) )
x4 = ( ( ( x11 AND NOT x1 ) OR ( ( x7 AND ( ( x5 AND NOT x10 ) OR NOT x13 ) ) AND NOT ( x1 OR x8 ) ) ) OR ( x12 AND NOT x1 ) )
x5 = NOT x14
x6 = ( ( ( ( x2 AND ( ( NOT x8 AND NOT x3 ) AND NOT x6 ) ) OR ( x3 AND ( ( NOT x8 AND NOT x2 ) AND NOT x6 ) ) ) OR ( x6 AND NOT ( x2 AND x3 ) ) ) OR NOT ( ( ( x8 OR x2 ) OR x3 ) OR x6 ) )
x7 = ( x6 AND NOT x13 )
x8 = ( ( x11 AND NOT ( ( x14 AND x5 ) AND NOT x10 ) ) OR ( x6 AND NOT ( x13 OR ( ( x14 AND x5 ) AND NOT x10 ) ) ) )
x9 = ( ( ( ( ( ( ( ( ( ( ( ( ( ( ( ( ( ( x7 AND ( NOT x13 OR ( NOT x10 AND x5 ) ) ) OR x12 ) OR ( x5 AND ( ( ( ( NOT x10 AND NOT x12 ) AND NOT x8 ) AND NOT x7 ) AND NOT x13 ) ) ) OR ( x13 AND ( ( ( ( NOT x10 AND NOT x12 ) AND NOT x8 ) AND NOT x5 ) AND NOT x7 ) ) ) OR ( ( x5 AND ( x7 AND x13 ) ) AND ( ( NOT x10 AND NOT x12 ) AND NOT x8 ) ) ) OR ( ( x5 AND ( x10 AND x7 ) ) AND ( ( NOT x12 AND NOT x8 ) AND NOT x13 ) ) ) OR ( ( x5 AND x10 ) AND ( ( ( NOT x12 AND NOT x8 ) AND NOT x7 ) AND NOT x13 ) ) ) OR ( x10 AND ( ( ( ( NOT x12 AND NOT x8 ) AND NOT x5 ) AND NOT x7 ) AND NOT x13 ) ) ) OR ( ( x13 AND x10 ) AND ( ( ( NOT x12 AND NOT x8 ) AND NOT x5 ) AND NOT x7 ) ) ) OR ( ( x5 AND x13 ) AND ( ( ( NOT x10 AND NOT x12 ) AND NOT x8 ) AND NOT x7 ) ) ) OR ( ( x7 AND ( x10 AND x13 ) ) AND ( ( NOT x12 AND NOT x8 ) AND NOT x5 ) ) ) OR ( ( x7 AND ( x10 AND x8 ) ) AND ( ( NOT x12 AND NOT x5 ) AND NOT x13 ) ) ) OR ( ( x5 AND ( ( x10 AND x7 ) AND x13 ) ) AND ( NOT x12 AND NOT x8 ) ) ) OR ( ( x7 AND x10 ) AND ( ( ( NOT x12 AND NOT x8 ) AND NOT x5 ) AND NOT x13 ) ) ) OR ( x7 AND ( ( ( ( NOT x10 AND NOT x12 ) AND NOT x8 ) AND NOT x5 ) AND NOT x13 ) ) ) OR ( ( x5 AND ( x10 AND x13 ) ) AND ( ( NOT x12 AND NOT x8 ) AND NOT x7 ) ) ) OR ( ( x7 AND x13 ) AND ( ( ( NOT x10 AND NOT x12 ) AND NOT x8 ) AND NOT x5 ) ) ) OR NOT ( ( ( ( ( x10 OR x12 ) OR x8 ) OR x5 ) OR x7 ) OR x13 ) )
x10 = ( ( x12 AND NOT ( x2 AND ( x3 AND x14 ) ) ) OR ( x11 AND NOT ( x2 AND ( x3 AND x14 ) ) ) )
x11 = ( x12 OR ( ( x11 AND x4 ) AND NOT x10 ) )
x12 = ( x7 AND ( ( x5 AND NOT x10 ) OR NOT x13 ) )
x13 = ( ( ( x6 AND ( x10 OR NOT x5 ) ) AND NOT ( x13 AND ( x10 OR NOT x5 ) ) ) OR ( x11 AND ( x10 OR NOT x5 ) ) )
x14 = ( ( x11 AND NOT x1 ) OR ( ( x7 AND ( NOT x13 OR ( x5 AND NOT x10 ) ) ) AND NOT x1 ) )"
57,FANCONI-ANEMIA-AND-CHECKPOINT-RECOVERY,15,0,15,"x1: v_ADD, x2: v_ATM, x3: v_ATR, x4: v_CHKREC, x5: v_DSB_, x6: v_FAHRR, x7: v_FANCD2I, x8: v_FAcore, x9: v_HRR2, x10: v_ICL, x11: v_NHEJ, x12: v_NUC1, x13: v_NUC2, x14: v_TLS, x15: v_p53","x1 = ( ( ( x12 AND NOT x14 ) OR ( x13 AND NOT x14 ) ) OR ( ( x12 AND x13 ) AND NOT x14 ) )
x2 = ( ( x3 AND NOT ( x8 OR x4 ) ) OR ( x5 AND NOT ( x8 OR x4 ) ) )
x3 = ( ( x10 AND NOT x4 ) OR ( x2 AND NOT x4 ) )
x4 = ( ( ( ( ( x14 AND NOT x5 ) OR ( x9 AND NOT x5 ) ) OR ( x6 AND NOT x5 ) ) OR ( x11 AND NOT x5 ) ) OR NOT ( ( ( ( ( ( ( x10 OR x11 ) OR x6 ) OR x1 ) OR x4 ) OR x5 ) OR x9 ) OR x14 ) )
x5 = ( ( x12 AND NOT ( ( x6 OR x9 ) OR x11 ) ) OR ( x13 AND NOT ( ( x6 OR x9 ) OR x11 ) ) )
x6 = ( ( x7 AND x5 ) AND NOT ( x11 AND x4 ) )
x7 = ( ( x8 AND ( ( x5 AND ( x2 OR x3 ) ) OR ( x2 OR x3 ) ) ) AND NOT x4 )
x8 = ( ( x10 AND ( x2 OR x3 ) ) AND NOT x4 )
x9 = ( ( ( x14 AND ( x13 AND x5 ) ) AND NOT ( ( x11 OR x4 ) OR x6 ) ) OR ( ( x13 AND ( ( x10 AND x11 ) AND x5 ) ) AND NOT ( x4 OR x6 ) ) )
x10 = ( x10 AND NOT x5 )
x11 = ( ( x13 AND x5 ) AND NOT ( ( x9 OR x6 ) OR x4 ) )
x12 = ( x7 AND x10 )
x13 = ( ( ( x10 AND ( x2 OR x3 ) ) AND NOT ( x8 AND x7 ) ) OR ( ( x12 AND ( x10 AND x15 ) ) AND NOT ( x8 AND x7 ) ) )
x14 = ( ( ( x8 AND x1 ) AND NOT x4 ) OR ( x1 AND NOT x4 ) )
x15 = ( ( ( x11 AND NOT x4 ) OR ( x2 AND NOT x4 ) ) OR ( x3 AND NOT x4 ) )"
58,ROOT-STEM-CELL-2010,10,2,8,"x1: v_ARF, x2: v_AUXIAA, x3: v_AUXIN, x4: v_CLEX, x5: v_JKD, x6: v_MGP, x7: v_PLT, x8: v_SCR, x9: v_SHR, x10: v_WOX5","x1 = NOT x2
x2 = NOT x3
x4 = ( x9 AND x4 )
x5 = ( x9 AND x8 )
x6 = ( ( x9 AND x8 ) AND NOT x10 )
x7 = x1
x8 = ( x9 AND x8 )
x10 = ( ( ( x1 AND x9 ) AND x8 ) AND NOT x4 )"
59,DROSOPHILA-NOTCH-PATHWAY,13,6,7,"x1: v_CtBP, x2: v_Da, x3: v_Delta, x4: v_E_Spl_b1, x5: v_E_Spl_b2, x6: v_Emc, x7: v_Gro, x8: v_H, x9: v_Mam, x10: v_Nicd, x11: v_Notch, x12: v_Twi_b1, x13: v_Twi_b2","x4 = ( ( ( ( ( ( ( ( ( NOT x10 OR ( ( ( ( x10 AND NOT x4 ) AND NOT x8 ) AND NOT x7 ) AND NOT x1 ) ) OR ( ( ( ( ( x10 AND NOT x4 ) AND NOT x8 ) AND NOT x7 ) AND x1 ) AND NOT x9 ) ) OR ( ( ( ( x10 AND NOT x4 ) AND NOT x8 ) AND x7 ) AND NOT x9 ) ) OR ( ( ( x10 AND NOT x4 ) AND x8 ) AND NOT x9 ) ) OR ( ( ( ( ( x10 AND x4 ) AND NOT x5 ) AND NOT x8 ) AND NOT x7 ) AND NOT x1 ) ) OR ( ( ( ( ( ( x10 AND x4 ) AND NOT x5 ) AND NOT x8 ) AND NOT x7 ) AND x1 ) AND NOT x9 ) ) OR ( ( ( ( ( x10 AND x4 ) AND NOT x5 ) AND NOT x8 ) AND x7 ) AND NOT x9 ) ) OR ( ( ( ( x10 AND x4 ) AND NOT x5 ) AND x8 ) AND NOT x9 ) ) OR ( ( x10 AND x4 ) AND x5 ) )
x5 = ( ( ( ( ( x10 AND x4 ) AND NOT x8 ) AND NOT x7 ) AND NOT x1 ) AND x9 )
x6 = x10
x10 = x11
x11 = x3
x12 = ( ( ( ( ( ( ( ( ( NOT x6 AND NOT x2 ) AND x12 ) AND x13 ) OR ( NOT x6 AND x2 ) ) OR ( ( ( ( x6 AND NOT x4 ) AND NOT x2 ) AND x12 ) AND x13 ) ) OR ( ( x6 AND NOT x4 ) AND x2 ) ) OR ( ( ( ( ( x6 AND x4 ) AND NOT x5 ) AND NOT x2 ) AND x12 ) AND x13 ) ) OR ( ( ( x6 AND x4 ) AND NOT x5 ) AND x2 ) ) OR ( ( ( ( x6 AND x4 ) AND x5 ) AND x12 ) AND x13 ) )
x13 = ( ( ( NOT x6 AND x2 ) AND x12 ) OR ( ( ( x6 AND NOT x4 ) AND x2 ) AND x12 ) )"
60,FISSION-YEAST-2008,10,1,9,"x1: v_Cdc25, x2: v_Cdc2_Cdc13, x3: v_Cdc2_Cdc13_A, x4: v_PP, x5: v_Rum1, x6: v_SK, x7: v_Slp1, x8: v_Start, x9: v_Ste9, x10: v_Wee1_Mik1","x1 = ( ( ( ( NOT x2 AND x1 ) AND NOT x4 ) OR ( ( x2 AND NOT x1 ) AND NOT x4 ) ) OR ( x2 AND x1 ) )
x2 = ( ( NOT x9 AND NOT x5 ) AND NOT x7 )
x3 = ( ( ( ( NOT x9 AND NOT x5 ) AND NOT x7 ) AND NOT x10 ) AND x1 )
x4 = x7
x5 = ( ( ( ( ( ( ( ( NOT x6 AND NOT x2 ) AND NOT x5 ) AND NOT x3 ) AND x4 ) OR ( ( ( NOT x6 AND NOT x2 ) AND x5 ) AND NOT x3 ) ) OR ( ( ( ( NOT x6 AND NOT x2 ) AND x5 ) AND x3 ) AND x4 ) ) OR ( ( ( ( NOT x6 AND x2 ) AND x5 ) AND NOT x3 ) AND x4 ) ) OR ( ( ( ( x6 AND NOT x2 ) AND x5 ) AND NOT x3 ) AND x4 ) )
x6 = x8
x7 = x3
x9 = ( ( ( ( ( ( ( ( NOT x6 AND NOT x2 ) AND NOT x9 ) AND NOT x3 ) AND x4 ) OR ( ( ( NOT x6 AND NOT x2 ) AND x9 ) AND NOT x3 ) ) OR ( ( ( ( NOT x6 AND NOT x2 ) AND x9 ) AND x3 ) AND x4 ) ) OR ( ( ( ( NOT x6 AND x2 ) AND x9 ) AND NOT x3 ) AND x4 ) ) OR ( ( ( ( x6 AND NOT x2 ) AND x9 ) AND NOT x3 ) AND x4 ) )
x10 = ( ( ( ( NOT x2 AND NOT x10 ) AND x4 ) OR ( NOT x2 AND x10 ) ) OR ( ( x2 AND x10 ) AND x4 ) )"
61,TRP-BIOSYNTHESIS,6,1,5,"x1: v_TrpE, x2: v_TrpR, x3: v_Trp_b1, x4: v_Trp_b2, x5: v_Trpext_b1, x6: v_Trpext_b2","x1 = ( NOT x3 AND NOT x2 )
x2 = ( x3 AND x4 )
x3 = ( ( ( ( ( NOT x5 AND NOT x3 ) AND x1 ) OR ( ( ( NOT x5 AND x3 ) AND NOT x4 ) AND x1 ) ) OR ( ( NOT x5 AND x3 ) AND x4 ) ) OR x5 )
x4 = ( ( x5 AND x6 ) AND x3 )
x6 = ( x5 AND x6 )"
62,MULTILEVEL-CELL-CYCLE,13,1,12,"x1: v_Cdc20, x2: v_Cdh1, x3: v_CycA, x4: v_CycB, x5: v_CycD, x6: v_CycE, x7: v_E2F, x8: v_Rb_b1, x9: v_Rb_b2, x10: v_Skp2, x11: v_UbcH10, x12: v_p27_b1, x13: v_p27_b2","x1 = x4
x2 = ( ( ( ( NOT x3 AND NOT x4 ) OR ( ( NOT x3 AND x4 ) AND x12 ) ) OR ( ( ( x3 AND x12 ) AND NOT x13 ) AND NOT x10 ) ) OR ( ( x3 AND x12 ) AND x13 ) )
x3 = ( ( ( ( ( ( ( ( ( ( ( ( NOT x8 AND NOT x7 ) AND x3 ) AND NOT x1 ) AND NOT x2 ) OR ( ( ( ( ( NOT x8 AND NOT x7 ) AND x3 ) AND NOT x1 ) AND x2 ) AND NOT x11 ) ) OR ( ( ( ( NOT x8 AND NOT x7 ) AND x3 ) AND x1 ) AND NOT x11 ) ) OR ( ( ( NOT x8 AND x7 ) AND NOT x1 ) AND NOT x2 ) ) OR ( ( ( ( NOT x8 AND x7 ) AND NOT x1 ) AND x2 ) AND NOT x11 ) ) OR ( ( ( NOT x8 AND x7 ) AND x1 ) AND NOT x11 ) ) OR ( ( ( x8 AND x3 ) AND NOT x1 ) AND NOT x2 ) ) OR ( ( ( ( x8 AND x3 ) AND NOT x1 ) AND x2 ) AND NOT x11 ) ) OR ( ( ( x8 AND x3 ) AND x1 ) AND NOT x11 ) )
x4 = ( ( NOT x1 AND NOT x2 ) OR ( ( x1 AND NOT x2 ) AND NOT x11 ) )
x6 = ( ( NOT x8 AND x7 ) OR ( ( x8 AND NOT x9 ) AND x7 ) )
x7 = ( ( ( ( ( ( ( ( ( ( ( ( ( NOT x8 AND NOT x3 ) AND NOT x4 ) OR ( ( ( NOT x8 AND NOT x3 ) AND x4 ) AND NOT x1 ) ) OR ( ( ( ( ( NOT x8 AND x3 ) AND NOT x4 ) AND x12 ) AND NOT x13 ) AND NOT x10 ) ) OR ( ( ( ( NOT x8 AND x3 ) AND NOT x4 ) AND x12 ) AND x13 ) ) OR ( ( ( ( ( ( NOT x8 AND x3 ) AND x4 ) AND x12 ) AND NOT x13 ) AND NOT x1 ) AND NOT x10 ) ) OR ( ( ( ( ( NOT x8 AND x3 ) AND x4 ) AND x12 ) AND x13 ) AND NOT x1 ) ) OR ( ( ( x8 AND NOT x9 ) AND NOT x3 ) AND NOT x4 ) ) OR ( ( ( ( x8 AND NOT x9 ) AND NOT x3 ) AND x4 ) AND NOT x1 ) ) OR ( ( ( ( ( ( x8 AND NOT x9 ) AND x3 ) AND NOT x4 ) AND x12 ) AND NOT x13 ) AND NOT x10 ) ) OR ( ( ( ( ( x8 AND NOT x9 ) AND x3 ) AND NOT x4 ) AND x12 ) AND x13 ) ) OR ( ( ( ( ( ( ( x8 AND NOT x9 ) AND x3 ) AND x4 ) AND x12 ) AND NOT x13 ) AND NOT x1 ) AND NOT x10 ) ) OR ( ( ( ( ( ( x8 AND NOT x9 ) AND x3 ) AND x4 ) AND x12 ) AND x13 ) AND NOT x1 ) )
x8 = ( ( ( ( ( ( ( ( ( ( ( NOT x8 AND NOT x6 ) AND NOT x3 ) AND NOT x4 ) OR ( ( ( ( NOT x8 AND NOT x6 ) AND NOT x3 ) AND x4 ) AND x12 ) ) OR ( ( ( NOT x8 AND NOT x6 ) AND x3 ) AND x12 ) ) OR ( ( NOT x8 AND x6 ) AND x12 ) ) OR ( ( ( ( x8 AND NOT x9 ) AND NOT x6 ) AND NOT x3 ) AND NOT x4 ) ) OR ( ( ( ( ( x8 AND NOT x9 ) AND NOT x6 ) AND NOT x3 ) AND x4 ) AND x12 ) ) OR ( ( ( ( x8 AND NOT x9 ) AND NOT x6 ) AND x3 ) AND x12 ) ) OR ( ( ( x8 AND NOT x9 ) AND x6 ) AND x12 ) ) OR ( x8 AND x9 ) )
x9 = ( ( ( ( ( ( ( ( NOT x5 AND x8 ) AND NOT x6 ) AND NOT x3 ) AND NOT x4 ) OR ( ( ( ( ( NOT x5 AND x8 ) AND NOT x6 ) AND NOT x3 ) AND x4 ) AND x12 ) ) OR ( ( ( ( NOT x5 AND x8 ) AND NOT x6 ) AND x3 ) AND x12 ) ) OR ( ( ( ( NOT x5 AND x8 ) AND x6 ) AND NOT x3 ) AND x12 ) ) OR ( ( ( ( ( NOT x5 AND x8 ) AND x6 ) AND x3 ) AND NOT x4 ) AND x12 ) )
x10 = ( ( NOT x8 OR ( x8 AND NOT x9 ) ) OR ( ( x8 AND x9 ) AND NOT x2 ) )
x11 = ( ( ( ( ( ( ( ( ( NOT x3 AND NOT x4 ) AND NOT x1 ) AND NOT x2 ) OR ( ( ( NOT x3 AND NOT x4 ) AND x1 ) AND NOT x2 ) ) OR ( ( ( ( NOT x3 AND NOT x4 ) AND x1 ) AND x2 ) AND x11 ) ) OR ( ( NOT x3 AND x4 ) AND NOT x2 ) ) OR ( ( ( NOT x3 AND x4 ) AND x2 ) AND x11 ) ) OR ( x3 AND NOT x2 ) ) OR ( ( x3 AND x2 ) AND x11 ) )
x12 = ( ( ( ( ( ( ( ( ( ( ( ( ( NOT x6 AND NOT x3 ) AND NOT x4 ) OR ( ( ( ( NOT x6 AND NOT x3 ) AND x4 ) AND NOT x12 ) AND NOT x10 ) ) OR ( ( ( ( ( NOT x6 AND NOT x3 ) AND x4 ) AND x12 ) AND NOT x13 ) AND NOT x10 ) ) OR ( ( ( ( NOT x6 AND NOT x3 ) AND x4 ) AND x12 ) AND x13 ) ) OR ( ( ( ( NOT x6 AND x3 ) AND NOT x4 ) AND NOT x12 ) AND NOT x10 ) ) OR ( ( ( NOT x6 AND x3 ) AND NOT x4 ) AND x12 ) ) OR ( ( ( ( NOT x6 AND x3 ) AND x4 ) AND NOT x12 ) AND NOT x10 ) ) OR ( ( ( ( ( NOT x6 AND x3 ) AND x4 ) AND x12 ) AND NOT x13 ) AND NOT x10 ) ) OR ( ( ( ( NOT x6 AND x3 ) AND x4 ) AND x12 ) AND x13 ) ) OR ( ( x6 AND NOT x12 ) AND NOT x10 ) ) OR ( ( ( x6 AND x12 ) AND NOT x13 ) AND NOT x10 ) ) OR ( ( x6 AND x12 ) AND x13 ) )
x13 = ( ( ( ( ( ( ( ( NOT x5 AND NOT x6 ) AND NOT x4 ) AND x12 ) OR ( ( ( ( NOT x5 AND NOT x6 ) AND x4 ) AND x12 ) AND NOT x10 ) ) OR ( ( ( ( ( ( NOT x5 AND x6 ) AND NOT x3 ) AND NOT x4 ) AND x12 ) AND NOT x13 ) AND NOT x10 ) ) OR ( ( ( ( ( NOT x5 AND x6 ) AND NOT x3 ) AND NOT x4 ) AND x12 ) AND x13 ) ) OR ( ( ( ( ( NOT x5 AND x6 ) AND NOT x3 ) AND x4 ) AND x12 ) AND NOT x10 ) ) OR ( ( ( ( NOT x5 AND x6 ) AND x3 ) AND x12 ) AND NOT x10 ) )"
63,ACUTE-RESPONSES-DURING-HYPERINSULINEMIA,19,9,10,"x1: v_FOXP3, x2: v_GATA3, x3: v_IFNG, x4: v_IFNGe, x5: v_IL10, x6: v_IL10e, x7: v_IL12e, x8: v_IL2, x9: v_IL21, x10: v_IL21e, x11: v_IL27e, x12: v_IL2e, x13: v_IL4, x14: v_IL4e, x15: v_INSULIN, x16: v_RORGT, x17: v_TBET, x18: v_TGFB, x19: v_TGFBe","x1 = ( ( x8 AND ( x18 OR x1 ) ) AND NOT ( x9 OR x16 ) )
x2 = ( ( ( x8 AND x13 ) OR x2 ) AND NOT ( ( ( x17 OR x18 ) OR x9 ) OR x3 ) )
x3 = ( ( x4 OR ( ( x3 OR x17 ) AND NOT ( x2 OR x18 ) ) ) AND NOT ( ( x9 OR x13 ) OR x5 ) )
x5 = ( x6 OR ( ( x5 AND ( ( ( ( x3 OR x9 ) OR x18 ) OR x2 ) OR x11 ) ) AND NOT x15 ) )
x8 = ( ( x12 OR ( x8 AND NOT x1 ) ) AND NOT ( ( x3 OR x9 ) OR ( x5 AND NOT x1 ) ) )
x9 = ( ( ( x10 OR x9 ) OR x16 ) AND NOT ( ( ( x3 OR x13 ) OR x5 ) OR x8 ) )
x13 = ( ( x14 OR ( ( x2 AND ( x8 OR x13 ) ) AND NOT x17 ) ) AND NOT ( x3 OR x9 ) )
x16 = ( ( x9 AND x18 ) AND NOT ( ( x17 OR x1 ) OR x2 ) )
x17 = ( ( ( x3 OR ( x7 AND NOT ( ( x9 OR x13 ) OR x5 ) ) ) OR x17 ) AND NOT ( ( x13 OR x2 ) OR x9 ) )
x18 = ( x19 OR ( ( x18 OR x1 ) AND NOT x9 ) )"
64,VEGF-PATHWAY-OF-DROSOPHILA,18,8,10,"x1: v_Aop, x2: v_CNK, x3: v_Drk, x4: v_Dsor1, x5: v_Ksr, x6: v_Pnt, x7: v_Pvf1, x8: v_Pvf2, x9: v_Pvf3, x10: v_Pvr, x11: v_Raf, x12: v_Ras, x13: v_Rl, x14: v_Sos, x15: v_Src42, x16: v_Sty, x17: v_Targets, x18: v_msk","x1 = NOT x13
x3 = x10
x4 = x11
x6 = x13
x10 = ( ( x8 OR x7 ) OR x9 )
x11 = ( x12 AND ( ( x2 AND x5 ) AND x15 ) )
x12 = ( x14 AND NOT x16 )
x13 = ( x4 AND x18 )
x14 = x3
x17 = ( x6 AND NOT x1 )"
65,ERBB-REGULATED-G1-S-TRANSITION,20,1,19,"x1: v_AKT1, x2: v_CDK2, x3: v_CDK4, x4: v_CDK6, x5: v_CyclinD1, x6: v_CyclinE1, x7: v_EGF, x8: v_ERBB1, x9: v_ERBB1_2, x10: v_ERBB1_3, x11: v_ERBB2, x12: v_ERBB2_3, x13: v_ERBB3, x14: v_ERalpha, x15: v_IGF1R, x16: v_MEK1, x17: v_MYC, x18: v_p21, x19: v_p27, x20: v_pRB1","x1 = ( ( ( ( ( ( ( ( NOT x15 AND NOT x8 ) AND NOT x12 ) AND NOT x9 ) AND x10 ) OR ( ( ( NOT x15 AND NOT x8 ) AND NOT x12 ) AND x9 ) ) OR ( ( NOT x15 AND NOT x8 ) AND x12 ) ) OR ( NOT x15 AND x8 ) ) OR x15 )
x2 = ( ( NOT x18 AND NOT x19 ) AND x6 )
x3 = ( ( NOT x18 AND x5 ) AND NOT x19 )
x4 = x5
x5 = ( ( ( ( NOT x16 AND x14 ) AND x1 ) AND x17 ) OR ( ( x16 AND x14 ) AND x17 ) )
x6 = x17
x8 = x7
x9 = ( x8 AND x11 )
x10 = ( x8 AND x13 )
x11 = x7
x12 = ( x11 AND x13 )
x13 = x7
x14 = ( ( NOT x16 AND x1 ) OR x16 )
x15 = ( ( ( NOT x14 AND x1 ) AND NOT x12 ) OR ( x14 AND NOT x12 ) )
x16 = ( ( ( ( ( ( ( ( NOT x15 AND NOT x8 ) AND NOT x12 ) AND NOT x9 ) AND x10 ) OR ( ( ( NOT x15 AND NOT x8 ) AND NOT x12 ) AND x9 ) ) OR ( ( NOT x15 AND NOT x8 ) AND x12 ) ) OR ( NOT x15 AND x8 ) ) OR x15 )
x17 = ( ( ( ( NOT x16 AND NOT x14 ) AND x1 ) OR ( NOT x16 AND x14 ) ) OR x16 )
x18 = ( ( NOT x3 AND NOT x1 ) AND NOT x17 )
x19 = ( ( ( NOT x3 AND NOT x2 ) AND NOT x1 ) AND NOT x17 )
x20 = ( x3 AND x4 )"